Datetime,Close
2026-05-27 13:30:00+00:00,16.3700008392334
2026-05-27 13:31:00+00:00,16.260000228881836
2026-05-27 13:32:00+00:00,16.34000015258789
2026-05-27 13:33:00+00:00,16.3700008392334
2026-05-27 13:34:00+00:00,16.360000610351562
2026-05-27 13:35:00+00:00,16.3700008392334
2026-05-27 13:36:00+00:00,16.385000228881836
2026-05-27 13:37:00+00:00,16.40999984741211
2026-05-27 13:38:00+00:00,16.399999618530273
2026-05-27 13:39:00+00:00,16.350000381469727
2026-05-27 13:40:00+00:00,16.354999542236328
2026-05-27 13:41:00+00:00,16.3700008392334
2026-05-27 13:42:00+00:00,16.329999923706055
2026-05-27 13:43:00+00:00,16.325000762939453
2026-05-27 13:44:00+00:00,16.334999084472656
2026-05-27 13:45:00+00:00,16.354999542236328
2026-05-27 13:46:00+00:00,16.350000381469727
2026-05-27 13:47:00+00:00,16.34000015258789
2026-05-27 13:48:00+00:00,16.295000076293945
2026-05-27 13:49:00+00:00,16.325000762939453
2026-05-27 13:50:00+00:00,16.334999084472656
2026-05-27 13:51:00+00:00,16.325000762939453
2026-05-27 13:52:00+00:00,16.30500030517578
2026-05-27 13:53:00+00:00,16.315000534057617
2026-05-27 13:54:00+00:00,16.315000534057617
2026-05-27 13:55:00+00:00,16.354999542236328
2026-05-27 13:56:00+00:00,16.344999313354492
2026-05-27 13:57:00+00:00,16.325000762939453
2026-05-27 13:58:00+00:00,16.344999313354492
2026-05-27 13:59:00+00:00,16.325000762939453
2026-05-27 14:00:00+00:00,16.350000381469727
2026-05-27 14:01:00+00:00,16.344999313354492
2026-05-27 14:02:00+00:00,16.325000762939453
2026-05-27 14:03:00+00:00,16.334999084472656
2026-05-27 14:04:00+00:00,16.334999084472656
2026-05-27 14:05:00+00:00,16.332599639892578
2026-05-27 14:06:00+00:00,16.329999923706055
2026-05-27 14:07:00+00:00,16.334999084472656
2026-05-27 14:08:00+00:00,16.30500030517578
2026-05-27 14:09:00+00:00,16.34000015258789
2026-05-27 14:10:00+00:00,16.350000381469727
2026-05-27 14:11:00+00:00,16.334999084472656
2026-05-27 14:12:00+00:00,16.31999969482422
2026-05-27 14:13:00+00:00,16.315000534057617
2026-05-27 14:14:00+00:00,16.320100784301758
2026-05-27 14:15:00+00:00,16.334999084472656
2026-05-27 14:16:00+00:00,16.334999084472656
2026-05-27 14:17:00+00:00,16.3700008392334
2026-05-27 14:18:00+00:00,16.3700008392334
2026-05-27 14:19:00+00:00,16.360000610351562
2026-05-27 14:20:00+00:00,16.364999771118164
2026-05-27 14:21:00+00:00,16.364999771118164
2026-05-27 14:22:00+00:00,16.364999771118164
2026-05-27 14:23:00+00:00,16.354999542236328
2026-05-27 14:24:00+00:00,16.344999313354492
2026-05-27 14:25:00+00:00,16.334999084472656
2026-05-27 14:26:00+00:00,16.334999084472656
2026-05-27 14:27:00+00:00,16.34510040283203
2026-05-27 14:28:00+00:00,16.325000762939453
2026-05-27 14:29:00+00:00,16.334999084472656
2026-05-27 14:30:00+00:00,16.354999542236328
2026-05-27 14:31:00+00:00,16.354999542236328
2026-05-27 14:32:00+00:00,16.334999084472656
2026-05-27 14:33:00+00:00,16.30500030517578
2026-05-27 14:34:00+00:00,16.295000076293945
2026-05-27 14:35:00+00:00,16.2549991607666
2026-05-27 14:36:00+00:00,16.28499984741211
2026-05-27 14:37:00+00:00,16.295000076293945
2026-05-27 14:38:00+00:00,16.295000076293945
2026-05-27 14:39:00+00:00,16.295000076293945
2026-05-27 14:40:00+00:00,16.28499984741211
2026-05-27 14:41:00+00:00,16.264999389648438
2026-05-27 14:42:00+00:00,16.264999389648438
2026-05-27 14:43:00+00:00,16.274999618530273
2026-05-27 14:44:00+00:00,16.270000457763672
2026-05-27 14:45:00+00:00,16.2549991607666
2026-05-27 14:46:00+00:00,16.239999771118164
2026-05-27 14:47:00+00:00,16.219999313354492
2026-05-27 14:48:00+00:00,16.235000610351562
2026-05-27 14:49:00+00:00,16.264999389648438
2026-05-27 14:50:00+00:00,16.264999389648438
2026-05-27 14:51:00+00:00,16.274999618530273
2026-05-27 14:52:00+00:00,16.295000076293945
2026-05-27 14:53:00+00:00,16.28499984741211
2026-05-27 14:54:00+00:00,16.28499984741211
2026-05-27 14:55:00+00:00,16.235000610351562
2026-05-27 14:56:00+00:00,16.219999313354492
2026-05-27 14:57:00+00:00,16.209999084472656
2026-05-27 14:58:00+00:00,16.21500015258789
2026-05-27 14:59:00+00:00,16.21500015258789
2026-05-27 15:00:00+00:00,16.21500015258789
2026-05-27 15:01:00+00:00,16.219999313354492
2026-05-27 15:02:00+00:00,16.225000381469727
2026-05-27 15:03:00+00:00,16.235000610351562
2026-05-27 15:04:00+00:00,16.219999313354492
2026-05-27 15:05:00+00:00,16.219999313354492
2026-05-27 15:06:00+00:00,16.260000228881836
2026-05-27 15:07:00+00:00,16.280000686645508
2026-05-27 15:08:00+00:00,16.274999618530273
2026-05-27 15:09:00+00:00,16.280000686645508
2026-05-27 15:10:00+00:00,16.264999389648438
2026-05-27 15:11:00+00:00,16.271099090576172
2026-05-27 15:12:00+00:00,16.274999618530273
2026-05-27 15:13:00+00:00,16.270000457763672
2026-05-27 15:14:00+00:00,16.280000686645508
2026-05-27 15:15:00+00:00,16.270000457763672
2026-05-27 15:16:00+00:00,16.264999389648438
2026-05-27 15:17:00+00:00,16.264999389648438
2026-05-27 15:18:00+00:00,16.260000228881836
2026-05-27 15:19:00+00:00,16.270000457763672
2026-05-27 15:21:00+00:00,16.274999618530273
2026-05-27 15:22:00+00:00,16.28499984741211
2026-05-27 15:23:00+00:00,16.28499984741211
2026-05-27 15:24:00+00:00,16.28499984741211
2026-05-27 15:25:00+00:00,16.280000686645508
2026-05-27 15:26:00+00:00,16.28499984741211
2026-05-27 15:27:00+00:00,16.309999465942383
2026-05-27 15:28:00+00:00,16.30500030517578
2026-05-27 15:29:00+00:00,16.315000534057617
2026-05-27 15:30:00+00:00,16.31999969482422
2026-05-27 15:31:00+00:00,16.325000762939453
2026-05-27 15:32:00+00:00,16.31999969482422
2026-05-27 15:33:00+00:00,16.315000534057617
2026-05-27 15:34:00+00:00,16.307100296020508
2026-05-27 15:35:00+00:00,16.293100357055664
2026-05-27 15:36:00+00:00,16.280000686645508
2026-05-27 15:37:00+00:00,16.270000457763672
2026-05-27 15:38:00+00:00,16.274999618530273
2026-05-27 15:39:00+00:00,16.270000457763672
2026-05-27 15:40:00+00:00,16.295000076293945
2026-05-27 15:41:00+00:00,16.290000915527344
2026-05-27 15:42:00+00:00,16.28499984741211
2026-05-27 15:43:00+00:00,16.28499984741211
2026-05-27 15:44:00+00:00,16.280000686645508
2026-05-27 15:45:00+00:00,16.28499984741211
2026-05-27 15:46:00+00:00,16.270200729370117
2026-05-27 15:47:00+00:00,16.264999389648438
2026-05-27 15:48:00+00:00,16.264999389648438
2026-05-27 15:49:00+00:00,16.264999389648438
2026-05-27 15:50:00+00:00,16.264999389648438
2026-05-27 15:51:00+00:00,16.264999389648438
2026-05-27 15:52:00+00:00,16.264999389648438
2026-05-27 15:53:00+00:00,16.274999618530273
2026-05-27 15:54:00+00:00,16.290000915527344
2026-05-27 15:55:00+00:00,16.295000076293945
2026-05-27 15:56:00+00:00,16.274999618530273
2026-05-27 15:57:00+00:00,16.270000457763672
2026-05-27 15:58:00+00:00,16.270000457763672
2026-05-27 15:59:00+00:00,16.28499984741211
2026-05-27 16:00:00+00:00,16.295000076293945
2026-05-27 16:01:00+00:00,16.295000076293945
2026-05-27 16:02:00+00:00,16.280000686645508
2026-05-27 16:03:00+00:00,16.264999389648438
2026-05-27 16:04:00+00:00,16.274999618530273
2026-05-27 16:05:00+00:00,16.270000457763672
2026-05-27 16:06:00+00:00,16.274999618530273
2026-05-27 16:07:00+00:00,16.315000534057617
2026-05-27 16:08:00+00:00,16.299999237060547
2026-05-27 16:09:00+00:00,16.315000534057617
2026-05-27 16:10:00+00:00,16.315000534057617
2026-05-27 16:11:00+00:00,16.315000534057617
2026-05-27 16:12:00+00:00,16.315000534057617
2026-05-27 16:13:00+00:00,16.309999465942383
2026-05-27 16:14:00+00:00,16.299999237060547
2026-05-27 16:15:00+00:00,16.290000915527344
2026-05-27 16:16:00+00:00,16.30500030517578
2026-05-27 16:17:00+00:00,16.30500030517578
2026-05-27 16:18:00+00:00,16.30500030517578
2026-05-27 16:19:00+00:00,16.295000076293945
2026-05-27 16:20:00+00:00,16.290000915527344
2026-05-27 16:21:00+00:00,16.280000686645508
2026-05-27 16:22:00+00:00,16.280000686645508
2026-05-27 16:23:00+00:00,16.280000686645508
2026-05-27 16:24:00+00:00,16.28499984741211
2026-05-27 16:25:00+00:00,16.28499984741211
2026-05-27 16:26:00+00:00,16.290000915527344
2026-05-27 16:27:00+00:00,16.295000076293945
2026-05-27 16:28:00+00:00,16.299999237060547
2026-05-27 16:29:00+00:00,16.295000076293945
2026-05-27 16:30:00+00:00,16.28499984741211
2026-05-27 16:31:00+00:00,16.28499984741211
2026-05-27 16:32:00+00:00,16.28499984741211
2026-05-27 16:33:00+00:00,16.28499984741211
2026-05-27 16:34:00+00:00,16.28499984741211
2026-05-27 16:35:00+00:00,16.28499984741211
2026-05-27 16:36:00+00:00,16.280099868774414
2026-05-27 16:37:00+00:00,16.275100708007812
2026-05-27 16:38:00+00:00,16.270000457763672
2026-05-27 16:39:00+00:00,16.270000457763672
2026-05-27 16:40:00+00:00,16.274999618530273
2026-05-27 16:41:00+00:00,16.264999389648438
2026-05-27 16:42:00+00:00,16.264999389648438
2026-05-27 16:43:00+00:00,16.260000228881836
2026-05-27 16:44:00+00:00,16.25
2026-05-27 16:45:00+00:00,16.2549991607666
2026-05-27 16:46:00+00:00,16.2549991607666
2026-05-27 16:47:00+00:00,16.274999618530273
2026-05-27 16:48:00+00:00,16.270000457763672
2026-05-27 16:49:00+00:00,16.264999389648438
2026-05-27 16:50:00+00:00,16.28499984741211
2026-05-27 16:51:00+00:00,16.28499984741211
2026-05-27 16:52:00+00:00,16.28499984741211
2026-05-27 16:53:00+00:00,16.274999618530273
2026-05-27 16:54:00+00:00,16.270000457763672
2026-05-27 16:55:00+00:00,16.2731990814209
2026-05-27 16:56:00+00:00,16.280000686645508
2026-05-27 16:57:00+00:00,16.28499984741211
2026-05-27 16:58:00+00:00,16.28499984741211
2026-05-27 16:59:00+00:00,16.28499984741211
2026-05-27 17:00:00+00:00,16.28499984741211
2026-05-27 17:01:00+00:00,16.295000076293945
2026-05-27 17:02:00+00:00,16.303600311279297
2026-05-27 17:03:00+00:00,16.274999618530273
2026-05-27 17:04:00+00:00,16.264999389648438
2026-05-27 17:05:00+00:00,16.260000228881836
2026-05-27 17:06:00+00:00,16.264999389648438
2026-05-27 17:07:00+00:00,16.2549991607666
2026-05-27 17:08:00+00:00,16.235000610351562
2026-05-27 17:09:00+00:00,16.2450008392334
2026-05-27 17:10:00+00:00,16.2549991607666
2026-05-27 17:11:00+00:00,16.2549991607666
2026-05-27 17:12:00+00:00,16.264999389648438
2026-05-27 17:13:00+00:00,16.2549991607666
2026-05-27 17:14:00+00:00,16.264999389648438
2026-05-27 17:16:00+00:00,16.264999389648438
2026-05-27 17:17:00+00:00,16.264999389648438
2026-05-27 17:18:00+00:00,16.264999389648438
2026-05-27 17:19:00+00:00,16.264999389648438
2026-05-27 17:20:00+00:00,16.2549991607666
2026-05-27 17:21:00+00:00,16.25510025024414
2026-05-27 17:22:00+00:00,16.261999130249023
2026-05-27 17:23:00+00:00,16.260000228881836
2026-05-27 17:24:00+00:00,16.260000228881836
2026-05-27 17:25:00+00:00,16.2549991607666
2026-05-27 17:26:00+00:00,16.231199264526367
2026-05-27 17:27:00+00:00,16.235000610351562
2026-05-27 17:28:00+00:00,16.219999313354492
2026-05-27 17:29:00+00:00,16.21500015258789
2026-05-27 17:30:00+00:00,16.21500015258789
2026-05-27 17:31:00+00:00,16.225000381469727
2026-05-27 17:32:00+00:00,16.225000381469727
2026-05-27 17:33:00+00:00,16.225000381469727
2026-05-27 17:34:00+00:00,16.225000381469727
2026-05-27 17:35:00+00:00,16.225000381469727
2026-05-27 17:36:00+00:00,16.225000381469727
2026-05-27 17:37:00+00:00,16.239999771118164
2026-05-27 17:38:00+00:00,16.235000610351562
2026-05-27 17:39:00+00:00,16.235000610351562
2026-05-27 17:40:00+00:00,16.22010040283203
2026-05-27 17:41:00+00:00,16.225000381469727
2026-05-27 17:42:00+00:00,16.235000610351562
2026-05-27 17:43:00+00:00,16.2450008392334
2026-05-27 17:44:00+00:00,16.25
2026-05-27 17:45:00+00:00,16.2450008392334
2026-05-27 17:46:00+00:00,16.225000381469727
2026-05-27 17:47:00+00:00,16.225000381469727
2026-05-27 17:48:00+00:00,16.219999313354492
2026-05-27 17:49:00+00:00,16.219999313354492
2026-05-27 17:50:00+00:00,16.225000381469727
2026-05-27 17:51:00+00:00,16.239999771118164
2026-05-27 17:52:00+00:00,16.2549991607666
2026-05-27 17:53:00+00:00,16.229999542236328
2026-05-27 17:54:00+00:00,16.2450008392334
2026-05-27 17:55:00+00:00,16.25
2026-05-27 17:56:00+00:00,16.260000228881836
2026-05-27 17:57:00+00:00,16.25
2026-05-27 17:58:00+00:00,16.2549991607666
2026-05-27 17:59:00+00:00,16.25
2026-05-27 18:00:00+00:00,16.2549991607666
2026-05-27 18:01:00+00:00,16.2450008392334
2026-05-27 18:02:00+00:00,16.2450008392334
2026-05-27 18:03:00+00:00,16.2450008392334
2026-05-27 18:04:00+00:00,16.2450008392334
2026-05-27 18:05:00+00:00,16.2450008392334
2026-05-27 18:06:00+00:00,16.2549991607666
2026-05-27 18:07:00+00:00,16.2450008392334
2026-05-27 18:08:00+00:00,16.260000228881836
2026-05-27 18:09:00+00:00,16.264999389648438
2026-05-27 18:10:00+00:00,16.264999389648438
2026-05-27 18:11:00+00:00,16.2549991607666
2026-05-27 18:12:00+00:00,16.2549991607666
2026-05-27 18:13:00+00:00,16.2549991607666
2026-05-27 18:14:00+00:00,16.260000228881836
2026-05-27 18:15:00+00:00,16.264999389648438
2026-05-27 18:16:00+00:00,16.264999389648438
2026-05-27 18:17:00+00:00,16.270000457763672
2026-05-27 18:18:00+00:00,16.274999618530273
2026-05-27 18:19:00+00:00,16.274999618530273
2026-05-27 18:20:00+00:00,16.274999618530273
2026-05-27 18:21:00+00:00,16.260000228881836
2026-05-27 18:22:00+00:00,16.260000228881836
2026-05-27 18:23:00+00:00,16.264999389648438
2026-05-27 18:24:00+00:00,16.274999618530273
2026-05-27 18:25:00+00:00,16.264999389648438
2026-05-27 18:26:00+00:00,16.274999618530273
2026-05-27 18:27:00+00:00,16.274999618530273
2026-05-27 18:28:00+00:00,16.270000457763672
2026-05-27 18:29:00+00:00,16.274999618530273
2026-05-27 18:30:00+00:00,16.28499984741211
2026-05-27 18:31:00+00:00,16.28499984741211
2026-05-27 18:32:00+00:00,16.270000457763672
2026-05-27 18:33:00+00:00,16.270000457763672
2026-05-27 18:34:00+00:00,16.295000076293945
2026-05-27 18:35:00+00:00,16.30500030517578
2026-05-27 18:36:00+00:00,16.295000076293945
2026-05-27 18:37:00+00:00,16.295000076293945
2026-05-27 18:38:00+00:00,16.295000076293945
2026-05-27 18:39:00+00:00,16.295000076293945
2026-05-27 18:40:00+00:00,16.295000076293945
2026-05-27 18:41:00+00:00,16.290000915527344
2026-05-27 18:42:00+00:00,16.274999618530273
2026-05-27 18:43:00+00:00,16.28499984741211
2026-05-27 18:44:00+00:00,16.28499984741211
2026-05-27 18:45:00+00:00,16.30500030517578
2026-05-27 18:46:00+00:00,16.30500030517578
2026-05-27 18:47:00+00:00,16.325000762939453
2026-05-27 18:48:00+00:00,16.325000762939453
2026-05-27 18:49:00+00:00,16.325000762939453
2026-05-27 18:50:00+00:00,16.315000534057617
2026-05-27 18:51:00+00:00,16.334999084472656
2026-05-27 18:52:00+00:00,16.31999969482422
2026-05-27 18:53:00+00:00,16.325000762939453
2026-05-27 18:54:00+00:00,16.315000534057617
2026-05-27 18:55:00+00:00,16.315000534057617
2026-05-27 18:56:00+00:00,16.329999923706055
2026-05-27 18:57:00+00:00,16.325000762939453
2026-05-27 18:58:00+00:00,16.309999465942383
2026-05-27 18:59:00+00:00,16.315000534057617
2026-05-27 19:00:00+00:00,16.315000534057617
2026-05-27 19:01:00+00:00,16.315000534057617
2026-05-27 19:02:00+00:00,16.315000534057617
2026-05-27 19:03:00+00:00,16.299999237060547
2026-05-27 19:04:00+00:00,16.30500030517578
2026-05-27 19:05:00+00:00,16.299999237060547
2026-05-27 19:06:00+00:00,16.295000076293945
2026-05-27 19:07:00+00:00,16.290000915527344
2026-05-27 19:08:00+00:00,16.290000915527344
2026-05-27 19:09:00+00:00,16.295000076293945
2026-05-27 19:10:00+00:00,16.290000915527344
2026-05-27 19:11:00+00:00,16.28499984741211
2026-05-27 19:12:00+00:00,16.280000686645508
2026-05-27 19:13:00+00:00,16.280000686645508
2026-05-27 19:14:00+00:00,16.280000686645508
2026-05-27 19:15:00+00:00,16.28499984741211
2026-05-27 19:16:00+00:00,16.28499984741211
2026-05-27 19:17:00+00:00,16.274999618530273
2026-05-27 19:18:00+00:00,16.274999618530273
2026-05-27 19:19:00+00:00,16.270000457763672
2026-05-27 19:20:00+00:00,16.274999618530273
2026-05-27 19:21:00+00:00,16.28499984741211
2026-05-27 19:22:00+00:00,16.28499984741211
2026-05-27 19:23:00+00:00,16.295000076293945
2026-05-27 19:24:00+00:00,16.28499984741211
2026-05-27 19:25:00+00:00,16.28499984741211
2026-05-27 19:26:00+00:00,16.28499984741211
2026-05-27 19:27:00+00:00,16.280000686645508
2026-05-27 19:28:00+00:00,16.28499984741211
2026-05-27 19:29:00+00:00,16.274999618530273
2026-05-27 19:30:00+00:00,16.274999618530273
2026-05-27 19:31:00+00:00,16.28499984741211
2026-05-27 19:32:00+00:00,16.274999618530273
2026-05-27 19:33:00+00:00,16.260000228881836
2026-05-27 19:34:00+00:00,16.260000228881836
2026-05-27 19:35:00+00:00,16.264999389648438
2026-05-27 19:36:00+00:00,16.2450008392334
2026-05-27 19:37:00+00:00,16.2450008392334
2026-05-27 19:38:00+00:00,16.235000610351562
2026-05-27 19:39:00+00:00,16.229999542236328
2026-05-27 19:40:00+00:00,16.229999542236328
2026-05-27 19:41:00+00:00,16.229999542236328
2026-05-27 19:42:00+00:00,16.229999542236328
2026-05-27 19:43:00+00:00,16.2450008392334
2026-05-27 19:44:00+00:00,16.2450008392334
2026-05-27 19:45:00+00:00,16.25
2026-05-27 19:46:00+00:00,16.239900588989258
2026-05-27 19:47:00+00:00,16.235000610351562
2026-05-27 19:48:00+00:00,16.229999542236328
2026-05-27 19:49:00+00:00,16.235000610351562
2026-05-27 19:50:00+00:00,16.235000610351562
2026-05-27 19:51:00+00:00,16.235000610351562
2026-05-27 19:52:00+00:00,16.239999771118164
2026-05-27 19:53:00+00:00,16.260000228881836
2026-05-27 19:54:00+00:00,16.2549991607666
2026-05-27 19:55:00+00:00,16.2450008392334
2026-05-27 19:56:00+00:00,16.235000610351562
2026-05-27 19:57:00+00:00,16.264999389648438
2026-05-27 19:58:00+00:00,16.28499984741211
2026-05-27 19:59:00+00:00,16.295000076293945
2026-05-28 13:30:00+00:00,16.09000015258789
2026-05-28 13:31:00+00:00,16.170000076293945
2026-05-28 13:32:00+00:00,16.149999618530273
2026-05-28 13:33:00+00:00,16.125
2026-05-28 13:34:00+00:00,16.110000610351562
2026-05-28 13:35:00+00:00,16.145000457763672
2026-05-28 13:36:00+00:00,16.125
2026-05-28 13:37:00+00:00,16.104999542236328
2026-05-28 13:38:00+00:00,16.104999542236328
2026-05-28 13:39:00+00:00,16.114999771118164
2026-05-28 13:40:00+00:00,16.125
2026-05-28 13:41:00+00:00,16.1200008392334
2026-05-28 13:42:00+00:00,16.1299991607666
2026-05-28 13:43:00+00:00,16.114999771118164
2026-05-28 13:44:00+00:00,16.1200008392334
2026-05-28 13:45:00+00:00,16.1200008392334
2026-05-28 13:46:00+00:00,16.094999313354492
2026-05-28 13:47:00+00:00,16.084999084472656
2026-05-28 13:48:00+00:00,16.09000015258789
2026-05-28 13:49:00+00:00,16.100000381469727
2026-05-28 13:50:00+00:00,16.114999771118164
2026-05-28 13:51:00+00:00,16.104999542236328
2026-05-28 13:52:00+00:00,16.100000381469727
2026-05-28 13:53:00+00:00,16.094999313354492
2026-05-28 13:54:00+00:00,16.084999084472656
2026-05-28 13:55:00+00:00,16.084999084472656
2026-05-28 13:56:00+00:00,16.079999923706055
2026-05-28 13:57:00+00:00,16.06999969482422
2026-05-28 13:58:00+00:00,16.075000762939453
2026-05-28 13:59:00+00:00,16.079999923706055
2026-05-28 14:00:00+00:00,16.075000762939453
2026-05-28 14:01:00+00:00,16.110000610351562
2026-05-28 14:02:00+00:00,16.145000457763672
2026-05-28 14:03:00+00:00,16.139999389648438
2026-05-28 14:04:00+00:00,16.1299991607666
2026-05-28 14:05:00+00:00,16.104999542236328
2026-05-28 14:06:00+00:00,16.104999542236328
2026-05-28 14:07:00+00:00,16.114999771118164
2026-05-28 14:08:00+00:00,16.122499465942383
2026-05-28 14:09:00+00:00,16.135000228881836
2026-05-28 14:10:00+00:00,16.104999542236328
2026-05-28 14:11:00+00:00,16.059999465942383
2026-05-28 14:12:00+00:00,16.079999923706055
2026-05-28 14:13:00+00:00,16.139999389648438
2026-05-28 14:14:00+00:00,16.125
2026-05-28 14:15:00+00:00,16.084999084472656
2026-05-28 14:16:00+00:00,16.079999923706055
2026-05-28 14:17:00+00:00,16.075000762939453
2026-05-28 14:18:00+00:00,16.059999465942383
2026-05-28 14:19:00+00:00,16.045000076293945
2026-05-28 14:20:00+00:00,16.024999618530273
2026-05-28 14:21:00+00:00,16.094999313354492
2026-05-28 14:22:00+00:00,16.114999771118164
2026-05-28 14:23:00+00:00,16.165000915527344
2026-05-28 14:24:00+00:00,16.170000076293945
2026-05-28 14:25:00+00:00,16.16469955444336
2026-05-28 14:26:00+00:00,16.135000228881836
2026-05-28 14:27:00+00:00,16.1200008392334
2026-05-28 14:28:00+00:00,16.110000610351562
2026-05-28 14:29:00+00:00,16.110000610351562
2026-05-28 14:30:00+00:00,16.1299991607666
2026-05-28 14:31:00+00:00,16.09000015258789
2026-05-28 14:32:00+00:00,16.09000015258789
2026-05-28 14:33:00+00:00,16.065000534057617
2026-05-28 14:34:00+00:00,16.065000534057617
2026-05-28 14:35:00+00:00,16.059999465942383
2026-05-28 14:36:00+00:00,16.075000762939453
2026-05-28 14:37:00+00:00,16.065000534057617
2026-05-28 14:38:00+00:00,16.084999084472656
2026-05-28 14:39:00+00:00,16.094999313354492
2026-05-28 14:40:00+00:00,16.100000381469727
2026-05-28 14:41:00+00:00,16.094999313354492
2026-05-28 14:42:00+00:00,16.079999923706055
2026-05-28 14:43:00+00:00,16.065000534057617
2026-05-28 14:44:00+00:00,16.079999923706055
2026-05-28 14:45:00+00:00,16.100000381469727
2026-05-28 14:46:00+00:00,16.094999313354492
2026-05-28 14:47:00+00:00,16.079999923706055
2026-05-28 14:48:00+00:00,16.075000762939453
2026-05-28 14:49:00+00:00,16.075000762939453
2026-05-28 14:50:00+00:00,16.075000762939453
2026-05-28 14:51:00+00:00,16.079999923706055
2026-05-28 14:52:00+00:00,16.075000762939453
2026-05-28 14:53:00+00:00,16.06999969482422
2026-05-28 14:54:00+00:00,16.065000534057617
2026-05-28 14:55:00+00:00,16.049999237060547
2026-05-28 14:56:00+00:00,16.045000076293945
2026-05-28 14:57:00+00:00,16.049999237060547
2026-05-28 14:58:00+00:00,16.03499984741211
2026-05-28 14:59:00+00:00,16.03499984741211
2026-05-28 15:00:00+00:00,16.024999618530273
2026-05-28 15:01:00+00:00,16.020000457763672
2026-05-28 15:02:00+00:00,16.024999618530273
2026-05-28 15:03:00+00:00,16.020000457763672
2026-05-28 15:04:00+00:00,16.024999618530273
2026-05-28 15:05:00+00:00,16.030000686645508
2026-05-28 15:06:00+00:00,16.03499984741211
2026-05-28 15:07:00+00:00,16.030000686645508
2026-05-28 15:08:00+00:00,16.020000457763672
2026-05-28 15:09:00+00:00,16.030000686645508
2026-05-28 15:10:00+00:00,16.0049991607666
2026-05-28 15:11:00+00:00,15.979999542236328
2026-05-28 15:12:00+00:00,15.970100402832031
2026-05-28 15:13:00+00:00,15.960000038146973
2026-05-28 15:14:00+00:00,15.970000267028809
2026-05-28 15:15:00+00:00,15.986499786376953
2026-05-28 15:16:00+00:00,15.999899864196777
2026-05-28 15:17:00+00:00,16.014999389648438
2026-05-28 15:18:00+00:00,16.014999389648438
2026-05-28 15:19:00+00:00,16.024999618530273
2026-05-28 15:20:00+00:00,16.01420021057129
2026-05-28 15:22:00+00:00,16.010000228881836
2026-05-28 15:23:00+00:00,16.020000457763672
2026-05-28 15:24:00+00:00,16.030000686645508
2026-05-28 15:25:00+00:00,16.030000686645508
2026-05-28 15:26:00+00:00,16.014999389648438
2026-05-28 15:27:00+00:00,16.034000396728516
2026-05-28 15:28:00+00:00,16.03499984741211
2026-05-28 15:29:00+00:00,16.03499984741211
2026-05-28 15:30:00+00:00,16.030000686645508
2026-05-28 15:31:00+00:00,16.024999618530273
2026-05-28 15:32:00+00:00,16.03499984741211
2026-05-28 15:33:00+00:00,16.03499984741211
2026-05-28 15:34:00+00:00,16.059999465942383
2026-05-28 15:35:00+00:00,16.065000534057617
2026-05-28 15:36:00+00:00,16.045000076293945
2026-05-28 15:37:00+00:00,16.104999542236328
2026-05-28 15:38:00+00:00,16.114999771118164
2026-05-28 15:39:00+00:00,16.135000228881836
2026-05-28 15:40:00+00:00,16.125
2026-05-28 15:41:00+00:00,16.114999771118164
2026-05-28 15:42:00+00:00,16.113800048828125
2026-05-28 15:43:00+00:00,16.104999542236328
2026-05-28 15:44:00+00:00,16.1200008392334
2026-05-28 15:45:00+00:00,16.135000228881836
2026-05-28 15:46:00+00:00,16.135000228881836
2026-05-28 15:47:00+00:00,16.139999389648438
2026-05-28 15:48:00+00:00,16.125
2026-05-28 15:49:00+00:00,16.1200008392334
2026-05-28 15:50:00+00:00,16.125
2026-05-28 15:51:00+00:00,16.121599197387695
2026-05-28 15:52:00+00:00,16.135000228881836
2026-05-28 15:53:00+00:00,16.135000228881836
2026-05-28 15:54:00+00:00,16.135000228881836
2026-05-28 15:55:00+00:00,16.135000228881836
2026-05-28 15:56:00+00:00,16.139999389648438
2026-05-28 15:57:00+00:00,16.1299991607666
2026-05-28 15:58:00+00:00,16.125
2026-05-28 15:59:00+00:00,16.1200008392334
2026-05-28 16:00:00+00:00,16.125
2026-05-28 16:01:00+00:00,16.1200008392334
2026-05-28 16:02:00+00:00,16.110000610351562
2026-05-28 16:03:00+00:00,16.114999771118164
2026-05-28 16:04:00+00:00,16.114999771118164
2026-05-28 16:05:00+00:00,16.114999771118164
2026-05-28 16:06:00+00:00,16.100000381469727
2026-05-28 16:07:00+00:00,16.100000381469727
2026-05-28 16:08:00+00:00,16.114999771118164
2026-05-28 16:09:00+00:00,16.104999542236328
2026-05-28 16:10:00+00:00,16.1200008392334
2026-05-28 16:11:00+00:00,16.125
2026-05-28 16:12:00+00:00,16.125
2026-05-28 16:13:00+00:00,16.125
2026-05-28 16:14:00+00:00,16.1200008392334
2026-05-28 16:15:00+00:00,16.125
2026-05-28 16:16:00+00:00,16.125
2026-05-28 16:17:00+00:00,16.125
2026-05-28 16:18:00+00:00,16.1299991607666
2026-05-28 16:19:00+00:00,16.125
2026-05-28 16:20:00+00:00,16.125
2026-05-28 16:21:00+00:00,16.125
2026-05-28 16:22:00+00:00,16.125
2026-05-28 16:23:00+00:00,16.125
2026-05-28 16:24:00+00:00,16.125
2026-05-28 16:26:00+00:00,16.1299991607666
2026-05-28 16:27:00+00:00,16.125
2026-05-28 16:28:00+00:00,16.125
2026-05-28 16:29:00+00:00,16.125
2026-05-28 16:30:00+00:00,16.125
2026-05-28 16:31:00+00:00,16.1299991607666
2026-05-28 16:32:00+00:00,16.1200008392334
2026-05-28 16:33:00+00:00,16.114999771118164
2026-05-28 16:35:00+00:00,16.114999771118164
2026-05-28 16:36:00+00:00,16.125
2026-05-28 16:38:00+00:00,16.120100021362305
2026-05-28 16:39:00+00:00,16.124000549316406
2026-05-28 16:40:00+00:00,16.114999771118164
2026-05-28 16:41:00+00:00,16.110000610351562
2026-05-28 16:42:00+00:00,16.100000381469727
2026-05-28 16:43:00+00:00,16.104999542236328
2026-05-28 16:44:00+00:00,16.100000381469727
2026-05-28 16:45:00+00:00,16.104999542236328
2026-05-28 16:46:00+00:00,16.10650062561035
2026-05-28 16:47:00+00:00,16.104999542236328
2026-05-28 16:48:00+00:00,16.104999542236328
2026-05-28 16:49:00+00:00,16.104999542236328
2026-05-28 16:50:00+00:00,16.1200008392334
2026-05-28 16:51:00+00:00,16.114999771118164
2026-05-28 16:52:00+00:00,16.1200008392334
2026-05-28 16:53:00+00:00,16.125
2026-05-28 16:54:00+00:00,16.125
2026-05-28 16:55:00+00:00,16.135099411010742
2026-05-28 16:56:00+00:00,16.125
2026-05-28 16:57:00+00:00,16.1299991607666
2026-05-28 16:58:00+00:00,16.135000228881836
2026-05-28 16:59:00+00:00,16.135000228881836
2026-05-28 17:00:00+00:00,16.135000228881836
2026-05-28 17:01:00+00:00,16.135000228881836
2026-05-28 17:02:00+00:00,16.114999771118164
2026-05-28 17:03:00+00:00,16.114999771118164
2026-05-28 17:04:00+00:00,16.1200008392334
2026-05-28 17:05:00+00:00,16.09000015258789
2026-05-28 17:06:00+00:00,16.084999084472656
2026-05-28 17:07:00+00:00,16.084999084472656
2026-05-28 17:08:00+00:00,16.072599411010742
2026-05-28 17:09:00+00:00,16.075000762939453
2026-05-28 17:10:00+00:00,16.075000762939453
2026-05-28 17:11:00+00:00,16.075000762939453
2026-05-28 17:12:00+00:00,16.06999969482422
2026-05-28 17:13:00+00:00,16.075000762939453
2026-05-28 17:14:00+00:00,16.059999465942383
2026-05-28 17:15:00+00:00,16.065000534057617
2026-05-28 17:16:00+00:00,16.059999465942383
2026-05-28 17:17:00+00:00,16.065000534057617
2026-05-28 17:18:00+00:00,16.065000534057617
2026-05-28 17:19:00+00:00,16.065000534057617
2026-05-28 17:20:00+00:00,16.065000534057617
2026-05-28 17:21:00+00:00,16.05500030517578
2026-05-28 17:22:00+00:00,16.040000915527344
2026-05-28 17:23:00+00:00,16.035900115966797
2026-05-28 17:24:00+00:00,16.03499984741211
2026-05-28 17:25:00+00:00,16.03499984741211
2026-05-28 17:26:00+00:00,16.03499984741211
2026-05-28 17:27:00+00:00,16.03499984741211
2026-05-28 17:28:00+00:00,16.030000686645508
2026-05-28 17:29:00+00:00,16.040000915527344
2026-05-28 17:30:00+00:00,16.040000915527344
2026-05-28 17:31:00+00:00,16.049999237060547
2026-05-28 17:32:00+00:00,16.045000076293945
2026-05-28 17:33:00+00:00,16.040000915527344
2026-05-28 17:34:00+00:00,16.045000076293945
2026-05-28 17:35:00+00:00,16.045000076293945
2026-05-28 17:36:00+00:00,16.045000076293945
2026-05-28 17:37:00+00:00,16.040000915527344
2026-05-28 17:38:00+00:00,16.040000915527344
2026-05-28 17:39:00+00:00,16.040000915527344
2026-05-28 17:40:00+00:00,16.045000076293945
2026-05-28 17:41:00+00:00,16.045000076293945
2026-05-28 17:42:00+00:00,16.045000076293945
2026-05-28 17:43:00+00:00,16.045000076293945
2026-05-28 17:44:00+00:00,16.045000076293945
2026-05-28 17:45:00+00:00,16.045000076293945
2026-05-28 17:46:00+00:00,16.045000076293945
2026-05-28 17:47:00+00:00,16.045000076293945
2026-05-28 17:48:00+00:00,16.04990005493164
2026-05-28 17:49:00+00:00,16.045000076293945
2026-05-28 17:50:00+00:00,16.039899826049805
2026-05-28 17:51:00+00:00,16.03499984741211
2026-05-28 17:52:00+00:00,16.03499984741211
2026-05-28 17:53:00+00:00,16.040000915527344
2026-05-28 17:54:00+00:00,16.045000076293945
2026-05-28 17:55:00+00:00,16.045000076293945
2026-05-28 17:56:00+00:00,16.03499984741211
2026-05-28 17:57:00+00:00,16.049999237060547
2026-05-28 17:58:00+00:00,16.049800872802734
2026-05-28 17:59:00+00:00,16.04800033569336
2026-05-28 18:00:00+00:00,16.045000076293945
2026-05-28 18:01:00+00:00,16.045000076293945
2026-05-28 18:02:00+00:00,16.049999237060547
2026-05-28 18:03:00+00:00,16.045000076293945
2026-05-28 18:04:00+00:00,16.045000076293945
2026-05-28 18:05:00+00:00,16.045000076293945
2026-05-28 18:06:00+00:00,16.045000076293945
2026-05-28 18:07:00+00:00,16.045000076293945
2026-05-28 18:08:00+00:00,16.049999237060547
2026-05-28 18:09:00+00:00,16.040700912475586
2026-05-28 18:10:00+00:00,16.045000076293945
2026-05-28 18:11:00+00:00,16.045000076293945
2026-05-28 18:12:00+00:00,16.045000076293945
2026-05-28 18:13:00+00:00,16.045000076293945
2026-05-28 18:14:00+00:00,16.045000076293945
2026-05-28 18:15:00+00:00,16.045000076293945
2026-05-28 18:16:00+00:00,16.075000762939453
2026-05-28 18:17:00+00:00,16.06999969482422
2026-05-28 18:18:00+00:00,16.075000762939453
2026-05-28 18:19:00+00:00,16.06450080871582
2026-05-28 18:20:00+00:00,16.065000534057617
2026-05-28 18:21:00+00:00,16.059999465942383
2026-05-28 18:22:00+00:00,16.065000534057617
2026-05-28 18:23:00+00:00,16.065000534057617
2026-05-28 18:24:00+00:00,16.065000534057617
2026-05-28 18:25:00+00:00,16.065000534057617
2026-05-28 18:26:00+00:00,16.065000534057617
2026-05-28 18:27:00+00:00,16.059999465942383
2026-05-28 18:28:00+00:00,16.065000534057617
2026-05-28 18:29:00+00:00,16.065000534057617
2026-05-28 18:30:00+00:00,16.065000534057617
2026-05-28 18:31:00+00:00,16.065000534057617
2026-05-28 18:32:00+00:00,16.049999237060547
2026-05-28 18:33:00+00:00,16.05500030517578
2026-05-28 18:34:00+00:00,16.05500030517578
2026-05-28 18:35:00+00:00,16.049999237060547
2026-05-28 18:37:00+00:00,16.045000076293945
2026-05-28 18:38:00+00:00,16.045000076293945
2026-05-28 18:39:00+00:00,16.045000076293945
2026-05-28 18:40:00+00:00,16.045000076293945
2026-05-28 18:41:00+00:00,16.045000076293945
2026-05-28 18:42:00+00:00,16.040000915527344
2026-05-28 18:43:00+00:00,16.045000076293945
2026-05-28 18:44:00+00:00,16.045000076293945
2026-05-28 18:45:00+00:00,16.045000076293945
2026-05-28 18:46:00+00:00,16.040000915527344
2026-05-28 18:47:00+00:00,16.059999465942383
2026-05-28 18:48:00+00:00,16.065000534057617
2026-05-28 18:49:00+00:00,16.075000762939453
2026-05-28 18:50:00+00:00,16.09000015258789
2026-05-28 18:51:00+00:00,16.094999313354492
2026-05-28 18:52:00+00:00,16.104999542236328
2026-05-28 18:53:00+00:00,16.100000381469727
2026-05-28 18:54:00+00:00,16.094999313354492
2026-05-28 18:55:00+00:00,16.100000381469727
2026-05-28 18:56:00+00:00,16.104999542236328
2026-05-28 18:57:00+00:00,16.104999542236328
2026-05-28 18:58:00+00:00,16.10300064086914
2026-05-28 18:59:00+00:00,16.104999542236328
2026-05-28 19:00:00+00:00,16.084999084472656
2026-05-28 19:01:00+00:00,16.075000762939453
2026-05-28 19:02:00+00:00,16.059999465942383
2026-05-28 19:03:00+00:00,16.065000534057617
2026-05-28 19:05:00+00:00,16.060199737548828
2026-05-28 19:06:00+00:00,16.045000076293945
2026-05-28 19:07:00+00:00,16.045000076293945
2026-05-28 19:08:00+00:00,16.100000381469727
2026-05-28 19:09:00+00:00,16.100000381469727
2026-05-28 19:10:00+00:00,16.100000381469727
2026-05-28 19:11:00+00:00,16.09000015258789
2026-05-28 19:12:00+00:00,16.079999923706055
2026-05-28 19:13:00+00:00,16.079999923706055
2026-05-28 19:14:00+00:00,16.084999084472656
2026-05-28 19:15:00+00:00,16.09000015258789
2026-05-28 19:16:00+00:00,16.09000015258789
2026-05-28 19:17:00+00:00,16.09000015258789
2026-05-28 19:18:00+00:00,16.09000015258789
2026-05-28 19:19:00+00:00,16.094999313354492
2026-05-28 19:20:00+00:00,16.079999923706055
2026-05-28 19:21:00+00:00,16.084999084472656
2026-05-28 19:22:00+00:00,16.084999084472656
2026-05-28 19:23:00+00:00,16.084999084472656
2026-05-28 19:24:00+00:00,16.114999771118164
2026-05-28 19:25:00+00:00,16.114999771118164
2026-05-28 19:26:00+00:00,16.104999542236328
2026-05-28 19:27:00+00:00,16.094999313354492
2026-05-28 19:28:00+00:00,16.104999542236328
2026-05-28 19:29:00+00:00,16.114999771118164
2026-05-28 19:30:00+00:00,16.114999771118164
2026-05-28 19:31:00+00:00,16.135000228881836
2026-05-28 19:32:00+00:00,16.145000457763672
2026-05-28 19:33:00+00:00,16.135000228881836
2026-05-28 19:34:00+00:00,16.135000228881836
2026-05-28 19:35:00+00:00,16.125
2026-05-28 19:36:00+00:00,16.135000228881836
2026-05-28 19:37:00+00:00,16.135000228881836
2026-05-28 19:38:00+00:00,16.1299991607666
2026-05-28 19:39:00+00:00,16.1299991607666
2026-05-28 19:40:00+00:00,16.135000228881836
2026-05-28 19:41:00+00:00,16.1299991607666
2026-05-28 19:42:00+00:00,16.135000228881836
2026-05-28 19:43:00+00:00,16.125
2026-05-28 19:44:00+00:00,16.114999771118164
2026-05-28 19:45:00+00:00,16.135000228881836
2026-05-28 19:46:00+00:00,16.135000228881836
2026-05-28 19:47:00+00:00,16.104999542236328
2026-05-28 19:48:00+00:00,16.100000381469727
2026-05-28 19:49:00+00:00,16.094999313354492
2026-05-28 19:50:00+00:00,16.125
2026-05-28 19:51:00+00:00,16.12070083618164
2026-05-28 19:52:00+00:00,16.125
2026-05-28 19:53:00+00:00,16.114999771118164
2026-05-28 19:54:00+00:00,16.114999771118164
2026-05-28 19:55:00+00:00,16.079999923706055
2026-05-28 19:56:00+00:00,16.084999084472656
2026-05-28 19:57:00+00:00,16.084999084472656
2026-05-28 19:58:00+00:00,16.110000610351562
2026-05-28 19:59:00+00:00,16.104999542236328
2026-05-29 13:30:00+00:00,16.05500030517578
2026-05-29 13:31:00+00:00,16.020000457763672
2026-05-29 13:32:00+00:00,16.049999237060547
2026-05-29 13:33:00+00:00,16.040000915527344
2026-05-29 13:34:00+00:00,16.040000915527344
2026-05-29 13:35:00+00:00,16.010000228881836
2026-05-29 13:36:00+00:00,16.020000457763672
2026-05-29 13:37:00+00:00,16.040000915527344
2026-05-29 13:38:00+00:00,16.045000076293945
2026-05-29 13:39:00+00:00,16.0049991607666
2026-05-29 13:40:00+00:00,16.02199935913086
2026-05-29 13:41:00+00:00,16.010000228881836
2026-05-29 13:42:00+00:00,16.0049991607666
2026-05-29 13:43:00+00:00,15.979999542236328
2026-05-29 13:44:00+00:00,15.984999656677246
2026-05-29 13:45:00+00:00,16.0
2026-05-29 13:46:00+00:00,15.994999885559082
2026-05-29 13:47:00+00:00,16.000200271606445
2026-05-29 13:48:00+00:00,15.984999656677246
2026-05-29 13:49:00+00:00,16.0049991607666
2026-05-29 13:50:00+00:00,15.933699607849121
2026-05-29 13:51:00+00:00,15.930000305175781
2026-05-29 13:52:00+00:00,15.943699836730957
2026-05-29 13:53:00+00:00,15.949999809265137
2026-05-29 13:54:00+00:00,15.954999923706055
2026-05-29 13:55:00+00:00,15.930000305175781
2026-05-29 13:56:00+00:00,15.920000076293945
2026-05-29 13:57:00+00:00,15.9350004196167
2026-05-29 13:58:00+00:00,15.914999961853027
2026-05-29 13:59:00+00:00,15.904999732971191
2026-05-29 14:00:00+00:00,15.914999961853027
2026-05-29 14:01:00+00:00,15.914999961853027
2026-05-29 14:02:00+00:00,15.914999961853027
2026-05-29 14:03:00+00:00,15.925000190734863
2026-05-29 14:04:00+00:00,15.9350004196167
2026-05-29 14:05:00+00:00,15.9350004196167
2026-05-29 14:06:00+00:00,15.914999961853027
2026-05-29 14:07:00+00:00,15.899999618530273
2026-05-29 14:08:00+00:00,15.939900398254395
2026-05-29 14:09:00+00:00,15.954999923706055
2026-05-29 14:10:00+00:00,15.96500015258789
2026-05-29 14:11:00+00:00,15.975000381469727
2026-05-29 14:12:00+00:00,15.96500015258789
2026-05-29 14:13:00+00:00,15.984999656677246
2026-05-29 14:14:00+00:00,16.014999389648438
2026-05-29 14:15:00+00:00,16.0
2026-05-29 14:16:00+00:00,15.984999656677246
2026-05-29 14:17:00+00:00,15.98740005493164
2026-05-29 14:18:00+00:00,16.000099182128906
2026-05-29 14:19:00+00:00,16.019899368286133
2026-05-29 14:20:00+00:00,16.01740074157715
2026-05-29 14:21:00+00:00,16.024999618530273
2026-05-29 14:22:00+00:00,16.024999618530273
2026-05-29 14:23:00+00:00,16.03499984741211
2026-05-29 14:24:00+00:00,16.040000915527344
2026-05-29 14:25:00+00:00,16.03499984741211
2026-05-29 14:26:00+00:00,16.045000076293945
2026-05-29 14:27:00+00:00,16.040000915527344
2026-05-29 14:28:00+00:00,16.030000686645508
2026-05-29 14:29:00+00:00,16.031099319458008
2026-05-29 14:30:00+00:00,16.024999618530273
2026-05-29 14:31:00+00:00,16.014999389648438
2026-05-29 14:32:00+00:00,15.994999885559082
2026-05-29 14:33:00+00:00,16.0049991607666
2026-05-29 14:34:00+00:00,16.0049991607666
2026-05-29 14:35:00+00:00,16.00510025024414
2026-05-29 14:36:00+00:00,15.984999656677246
2026-05-29 14:37:00+00:00,15.979999542236328
2026-05-29 14:38:00+00:00,15.979999542236328
2026-05-29 14:39:00+00:00,15.984999656677246
2026-05-29 14:40:00+00:00,15.984999656677246
2026-05-29 14:41:00+00:00,15.984999656677246
2026-05-29 14:42:00+00:00,15.984999656677246
2026-05-29 14:43:00+00:00,15.994999885559082
2026-05-29 14:44:00+00:00,16.020000457763672
2026-05-29 14:45:00+00:00,16.0049991607666
2026-05-29 14:46:00+00:00,16.014999389648438
2026-05-29 14:47:00+00:00,16.020000457763672
2026-05-29 14:48:00+00:00,16.024999618530273
2026-05-29 14:49:00+00:00,16.010000228881836
2026-05-29 14:50:00+00:00,16.0049991607666
2026-05-29 14:51:00+00:00,16.010000228881836
2026-05-29 14:52:00+00:00,16.020000457763672
2026-05-29 14:53:00+00:00,16.030000686645508
2026-05-29 14:54:00+00:00,16.024999618530273
2026-05-29 14:55:00+00:00,16.024999618530273
2026-05-29 14:56:00+00:00,16.014999389648438
2026-05-29 14:57:00+00:00,16.014999389648438
2026-05-29 14:58:00+00:00,16.024999618530273
2026-05-29 14:59:00+00:00,16.024999618530273
2026-05-29 15:00:00+00:00,16.014999389648438
2026-05-29 15:01:00+00:00,16.014999389648438
2026-05-29 15:02:00+00:00,16.014999389648438
2026-05-29 15:03:00+00:00,16.0049991607666
2026-05-29 15:04:00+00:00,15.994999885559082
2026-05-29 15:05:00+00:00,15.994999885559082
2026-05-29 15:06:00+00:00,15.984999656677246
2026-05-29 15:07:00+00:00,16.03499984741211
2026-05-29 15:08:00+00:00,16.079999923706055
2026-05-29 15:09:00+00:00,16.084999084472656
2026-05-29 15:10:00+00:00,16.079999923706055
2026-05-29 15:11:00+00:00,16.084999084472656
2026-05-29 15:12:00+00:00,16.084999084472656
2026-05-29 15:13:00+00:00,16.084999084472656
2026-05-29 15:14:00+00:00,16.079999923706055
2026-05-29 15:15:00+00:00,16.079999923706055
2026-05-29 15:16:00+00:00,16.059999465942383
2026-05-29 15:17:00+00:00,16.045000076293945
2026-05-29 15:18:00+00:00,16.043500900268555
2026-05-29 15:19:00+00:00,16.045000076293945
2026-05-29 15:20:00+00:00,16.045000076293945
2026-05-29 15:21:00+00:00,16.05500030517578
2026-05-29 15:22:00+00:00,16.05500030517578
2026-05-29 15:23:00+00:00,16.045000076293945
2026-05-29 15:24:00+00:00,16.049999237060547
2026-05-29 15:25:00+00:00,16.045000076293945
2026-05-29 15:26:00+00:00,16.045000076293945
2026-05-29 15:27:00+00:00,16.045000076293945
2026-05-29 15:28:00+00:00,16.045000076293945
2026-05-29 15:29:00+00:00,16.045000076293945
2026-05-29 15:31:00+00:00,16.045000076293945
2026-05-29 15:32:00+00:00,16.045000076293945
2026-05-29 15:33:00+00:00,16.05500030517578
2026-05-29 15:34:00+00:00,16.05500030517578
2026-05-29 15:35:00+00:00,16.05500030517578
2026-05-29 15:36:00+00:00,16.084999084472656
2026-05-29 15:37:00+00:00,16.09000015258789
2026-05-29 15:38:00+00:00,16.075000762939453
2026-05-29 15:39:00+00:00,16.084999084472656
2026-05-29 15:40:00+00:00,16.094999313354492
2026-05-29 15:41:00+00:00,16.09000015258789
2026-05-29 15:42:00+00:00,16.084999084472656
2026-05-29 15:43:00+00:00,16.09000015258789
2026-05-29 15:44:00+00:00,16.084999084472656
2026-05-29 15:45:00+00:00,16.094999313354492
2026-05-29 15:46:00+00:00,16.09000015258789
2026-05-29 15:47:00+00:00,16.084999084472656
2026-05-29 15:48:00+00:00,16.084999084472656
2026-05-29 15:49:00+00:00,16.06999969482422
2026-05-29 15:50:00+00:00,16.06999969482422
2026-05-29 15:51:00+00:00,16.075000762939453
2026-05-29 15:52:00+00:00,16.079999923706055
2026-05-29 15:53:00+00:00,16.084999084472656
2026-05-29 15:54:00+00:00,16.084999084472656
2026-05-29 15:55:00+00:00,16.079999923706055
2026-05-29 15:56:00+00:00,16.079999923706055
2026-05-29 15:57:00+00:00,16.075000762939453
2026-05-29 15:58:00+00:00,16.075000762939453
2026-05-29 15:59:00+00:00,16.075000762939453
2026-05-29 16:00:00+00:00,16.075000762939453
2026-05-29 16:01:00+00:00,16.075000762939453
2026-05-29 16:02:00+00:00,16.075000762939453
2026-05-29 16:03:00+00:00,16.079999923706055
2026-05-29 16:04:00+00:00,16.075000762939453
2026-05-29 16:05:00+00:00,16.075000762939453
2026-05-29 16:06:00+00:00,16.09000015258789
2026-05-29 16:07:00+00:00,16.075000762939453
2026-05-29 16:08:00+00:00,16.075000762939453
2026-05-29 16:09:00+00:00,16.075000762939453
2026-05-29 16:10:00+00:00,16.09000015258789
2026-05-29 16:11:00+00:00,16.079999923706055
2026-05-29 16:12:00+00:00,16.079999923706055
2026-05-29 16:13:00+00:00,16.079999923706055
2026-05-29 16:14:00+00:00,16.079999923706055
2026-05-29 16:15:00+00:00,16.06999969482422
2026-05-29 16:16:00+00:00,16.06999969482422
2026-05-29 16:17:00+00:00,16.065000534057617
2026-05-29 16:18:00+00:00,16.065000534057617
2026-05-29 16:19:00+00:00,16.075000762939453
2026-05-29 16:20:00+00:00,16.084999084472656
2026-05-29 16:21:00+00:00,16.084999084472656
2026-05-29 16:22:00+00:00,16.084999084472656
2026-05-29 16:23:00+00:00,16.084999084472656
2026-05-29 16:24:00+00:00,16.084999084472656
2026-05-29 16:25:00+00:00,16.084999084472656
2026-05-29 16:26:00+00:00,16.084999084472656
2026-05-29 16:27:00+00:00,16.079999923706055
2026-05-29 16:28:00+00:00,16.104999542236328
2026-05-29 16:29:00+00:00,16.114999771118164
2026-05-29 16:30:00+00:00,16.114999771118164
2026-05-29 16:31:00+00:00,16.114999771118164
2026-05-29 16:32:00+00:00,16.114999771118164
2026-05-29 16:33:00+00:00,16.114999771118164
2026-05-29 16:34:00+00:00,16.1200008392334
2026-05-29 16:35:00+00:00,16.125
2026-05-29 16:36:00+00:00,16.145000457763672
2026-05-29 16:37:00+00:00,16.135000228881836
2026-05-29 16:38:00+00:00,16.145000457763672
2026-05-29 16:39:00+00:00,16.145000457763672
2026-05-29 16:40:00+00:00,16.142499923706055
2026-05-29 16:41:00+00:00,16.131200790405273
2026-05-29 16:42:00+00:00,16.1299991607666
2026-05-29 16:43:00+00:00,16.1200008392334
2026-05-29 16:44:00+00:00,16.110000610351562
2026-05-29 16:45:00+00:00,16.114999771118164
2026-05-29 16:46:00+00:00,16.114999771118164
2026-05-29 16:47:00+00:00,16.12579917907715
2026-05-29 16:48:00+00:00,16.125
2026-05-29 16:49:00+00:00,16.125600814819336
2026-05-29 16:50:00+00:00,16.125
2026-05-29 16:51:00+00:00,16.135000228881836
2026-05-29 16:52:00+00:00,16.145000457763672
2026-05-29 16:53:00+00:00,16.170000076293945
2026-05-29 16:54:00+00:00,16.184999465942383
2026-05-29 16:55:00+00:00,16.184999465942383
2026-05-29 16:56:00+00:00,16.184999465942383
2026-05-29 16:57:00+00:00,16.184999465942383
2026-05-29 16:58:00+00:00,16.184999465942383
2026-05-29 16:59:00+00:00,16.188899993896484
2026-05-29 17:00:00+00:00,16.209999084472656
2026-05-29 17:01:00+00:00,16.204999923706055
2026-05-29 17:02:00+00:00,16.209999084472656
2026-05-29 17:03:00+00:00,16.19499969482422
2026-05-29 17:04:00+00:00,16.184999465942383
2026-05-29 17:05:00+00:00,16.174999237060547
2026-05-29 17:06:00+00:00,16.190000534057617
2026-05-29 17:07:00+00:00,16.184999465942383
2026-05-29 17:08:00+00:00,16.184999465942383
2026-05-29 17:10:00+00:00,16.184999465942383
2026-05-29 17:11:00+00:00,16.184999465942383
2026-05-29 17:12:00+00:00,16.174999237060547
2026-05-29 17:13:00+00:00,16.165000915527344
2026-05-29 17:14:00+00:00,16.15999984741211
2026-05-29 17:15:00+00:00,16.15999984741211
2026-05-29 17:16:00+00:00,16.155000686645508
2026-05-29 17:17:00+00:00,16.149999618530273
2026-05-29 17:18:00+00:00,16.165000915527344
2026-05-29 17:19:00+00:00,16.15999984741211
2026-05-29 17:20:00+00:00,16.165000915527344
2026-05-29 17:21:00+00:00,16.184999465942383
2026-05-29 17:22:00+00:00,16.184999465942383
2026-05-29 17:23:00+00:00,16.184999465942383
2026-05-29 17:24:00+00:00,16.190000534057617
2026-05-29 17:25:00+00:00,16.18000030517578
2026-05-29 17:26:00+00:00,16.190000534057617
2026-05-29 17:27:00+00:00,16.184999465942383
2026-05-29 17:28:00+00:00,16.184999465942383
2026-05-29 17:29:00+00:00,16.18000030517578
2026-05-29 17:30:00+00:00,16.184999465942383
2026-05-29 17:31:00+00:00,16.184999465942383
2026-05-29 17:32:00+00:00,16.184999465942383
2026-05-29 17:33:00+00:00,16.184999465942383
2026-05-29 17:34:00+00:00,16.184999465942383
2026-05-29 17:35:00+00:00,16.184999465942383
2026-05-29 17:36:00+00:00,16.184999465942383
2026-05-29 17:37:00+00:00,16.184999465942383
2026-05-29 17:38:00+00:00,16.184999465942383
2026-05-29 17:39:00+00:00,16.184999465942383
2026-05-29 17:40:00+00:00,16.184999465942383
2026-05-29 17:41:00+00:00,16.184999465942383
2026-05-29 17:42:00+00:00,16.184999465942383
2026-05-29 17:43:00+00:00,16.184999465942383
2026-05-29 17:44:00+00:00,16.184999465942383
2026-05-29 17:45:00+00:00,16.190000534057617
2026-05-29 17:46:00+00:00,16.19499969482422
2026-05-29 17:47:00+00:00,16.200000762939453
2026-05-29 17:48:00+00:00,16.19499969482422
2026-05-29 17:49:00+00:00,16.190000534057617
2026-05-29 17:50:00+00:00,16.19499969482422
2026-05-29 17:51:00+00:00,16.19499969482422
2026-05-29 17:52:00+00:00,16.191099166870117
2026-05-29 17:53:00+00:00,16.19499969482422
2026-05-29 17:54:00+00:00,16.19499969482422
2026-05-29 17:55:00+00:00,16.19499969482422
2026-05-29 17:56:00+00:00,16.19499969482422
2026-05-29 17:57:00+00:00,16.190000534057617
2026-05-29 17:58:00+00:00,16.184999465942383
2026-05-29 17:59:00+00:00,16.18000030517578
2026-05-29 18:00:00+00:00,16.180200576782227
2026-05-29 18:01:00+00:00,16.184999465942383
2026-05-29 18:02:00+00:00,16.19499969482422
2026-05-29 18:03:00+00:00,16.19499969482422
2026-05-29 18:04:00+00:00,16.184999465942383
2026-05-29 18:05:00+00:00,16.184999465942383
2026-05-29 18:06:00+00:00,16.184999465942383
2026-05-29 18:07:00+00:00,16.18000030517578
2026-05-29 18:08:00+00:00,16.174999237060547
2026-05-29 18:09:00+00:00,16.184999465942383
2026-05-29 18:10:00+00:00,16.184999465942383
2026-05-29 18:11:00+00:00,16.184999465942383
2026-05-29 18:12:00+00:00,16.174999237060547
2026-05-29 18:13:00+00:00,16.174999237060547
2026-05-29 18:14:00+00:00,16.16010093688965
2026-05-29 18:15:00+00:00,16.15999984741211
2026-05-29 18:16:00+00:00,16.155000686645508
2026-05-29 18:17:00+00:00,16.16230010986328
2026-05-29 18:18:00+00:00,16.174999237060547
2026-05-29 18:19:00+00:00,16.174999237060547
2026-05-29 18:20:00+00:00,16.18400001525879
2026-05-29 18:21:00+00:00,16.174999237060547
2026-05-29 18:22:00+00:00,16.184999465942383
2026-05-29 18:23:00+00:00,16.184999465942383
2026-05-29 18:24:00+00:00,16.188100814819336
2026-05-29 18:25:00+00:00,16.18000030517578
2026-05-29 18:26:00+00:00,16.18000030517578
2026-05-29 18:27:00+00:00,16.164899826049805
2026-05-29 18:28:00+00:00,16.165000915527344
2026-05-29 18:29:00+00:00,16.165000915527344
2026-05-29 18:30:00+00:00,16.15999984741211
2026-05-29 18:31:00+00:00,16.155000686645508
2026-05-29 18:32:00+00:00,16.149999618530273
2026-05-29 18:33:00+00:00,16.149999618530273
2026-05-29 18:34:00+00:00,16.155000686645508
2026-05-29 18:35:00+00:00,16.155000686645508
2026-05-29 18:36:00+00:00,16.159700393676758
2026-05-29 18:37:00+00:00,16.155000686645508
2026-05-29 18:38:00+00:00,16.165000915527344
2026-05-29 18:39:00+00:00,16.165000915527344
2026-05-29 18:40:00+00:00,16.165000915527344
2026-05-29 18:41:00+00:00,16.165000915527344
2026-05-29 18:42:00+00:00,16.165000915527344
2026-05-29 18:43:00+00:00,16.170000076293945
2026-05-29 18:44:00+00:00,16.19499969482422
2026-05-29 18:45:00+00:00,16.184999465942383
2026-05-29 18:46:00+00:00,16.184999465942383
2026-05-29 18:47:00+00:00,16.184999465942383
2026-05-29 18:48:00+00:00,16.184999465942383
2026-05-29 18:49:00+00:00,16.194299697875977
2026-05-29 18:50:00+00:00,16.19499969482422
2026-05-29 18:51:00+00:00,16.19499969482422
2026-05-29 18:52:00+00:00,16.204999923706055
2026-05-29 18:53:00+00:00,16.204999923706055
2026-05-29 18:54:00+00:00,16.19499969482422
2026-05-29 18:55:00+00:00,16.19499969482422
2026-05-29 18:56:00+00:00,16.19499969482422
2026-05-29 18:57:00+00:00,16.225000381469727
2026-05-29 18:58:00+00:00,16.225000381469727
2026-05-29 18:59:00+00:00,16.21500015258789
2026-05-29 19:00:00+00:00,16.21500015258789
2026-05-29 19:01:00+00:00,16.209999084472656
2026-05-29 19:02:00+00:00,16.21500015258789
2026-05-29 19:03:00+00:00,16.21500015258789
2026-05-29 19:04:00+00:00,16.165000915527344
2026-05-29 19:05:00+00:00,16.139999389648438
2026-05-29 19:06:00+00:00,16.165000915527344
2026-05-29 19:07:00+00:00,16.155000686645508
2026-05-29 19:08:00+00:00,16.1299991607666
2026-05-29 19:09:00+00:00,16.110000610351562
2026-05-29 19:10:00+00:00,16.1200008392334
2026-05-29 19:11:00+00:00,16.125
2026-05-29 19:12:00+00:00,16.135000228881836
2026-05-29 19:13:00+00:00,16.135000228881836
2026-05-29 19:14:00+00:00,16.1299991607666
2026-05-29 19:15:00+00:00,16.125
2026-05-29 19:16:00+00:00,16.1200008392334
2026-05-29 19:17:00+00:00,16.125
2026-05-29 19:18:00+00:00,16.114999771118164
2026-05-29 19:19:00+00:00,16.114999771118164
2026-05-29 19:20:00+00:00,16.114999771118164
2026-05-29 19:21:00+00:00,16.1299991607666
2026-05-29 19:22:00+00:00,16.125
2026-05-29 19:23:00+00:00,16.125
2026-05-29 19:24:00+00:00,16.1200008392334
2026-05-29 19:25:00+00:00,16.114999771118164
2026-05-29 19:26:00+00:00,16.110000610351562
2026-05-29 19:27:00+00:00,16.114999771118164
2026-05-29 19:28:00+00:00,16.079999923706055
2026-05-29 19:29:00+00:00,16.075000762939453
2026-05-29 19:30:00+00:00,16.075000762939453
2026-05-29 19:31:00+00:00,16.040000915527344
2026-05-29 19:32:00+00:00,16.03499984741211
2026-05-29 19:33:00+00:00,16.045000076293945
2026-05-29 19:34:00+00:00,16.05500030517578
2026-05-29 19:35:00+00:00,16.049999237060547
2026-05-29 19:36:00+00:00,16.03499984741211
2026-05-29 19:37:00+00:00,16.049999237060547
2026-05-29 19:38:00+00:00,16.03499984741211
2026-05-29 19:39:00+00:00,16.03499984741211
2026-05-29 19:40:00+00:00,16.03499984741211
2026-05-29 19:41:00+00:00,16.045000076293945
2026-05-29 19:42:00+00:00,16.049999237060547
2026-05-29 19:43:00+00:00,16.049999237060547
2026-05-29 19:44:00+00:00,16.05500030517578
2026-05-29 19:45:00+00:00,16.05500030517578
2026-05-29 19:46:00+00:00,16.045000076293945
2026-05-29 19:47:00+00:00,16.045000076293945
2026-05-29 19:48:00+00:00,16.05500030517578
2026-05-29 19:49:00+00:00,16.045000076293945
2026-05-29 19:50:00+00:00,16.09000015258789
2026-05-29 19:51:00+00:00,16.145000457763672
2026-05-29 19:52:00+00:00,16.139999389648438
2026-05-29 19:53:00+00:00,16.18000030517578
2026-05-29 19:54:00+00:00,16.19879913330078
2026-05-29 19:55:00+00:00,16.229999542236328
2026-05-29 19:56:00+00:00,16.235000610351562
2026-05-29 19:57:00+00:00,16.270000457763672
2026-05-29 19:58:00+00:00,16.260000228881836
2026-05-29 19:59:00+00:00,16.270000457763672
2026-06-01 13:30:00+00:00,16.0
2026-06-01 13:31:00+00:00,15.944000244140625
2026-06-01 13:32:00+00:00,15.960000038146973
2026-06-01 13:33:00+00:00,15.960000038146973
2026-06-01 13:34:00+00:00,16.0
2026-06-01 13:35:00+00:00,16.030000686645508
2026-06-01 13:36:00+00:00,16.0
2026-06-01 13:37:00+00:00,15.960000038146973
2026-06-01 13:38:00+00:00,15.930000305175781
2026-06-01 13:39:00+00:00,15.914999961853027
2026-06-01 13:40:00+00:00,15.919899940490723
2026-06-01 13:41:00+00:00,15.9399995803833
2026-06-01 13:42:00+00:00,15.984999656677246
2026-06-01 13:43:00+00:00,16.009899139404297
2026-06-01 13:44:00+00:00,16.045000076293945
2026-06-01 13:45:00+00:00,16.045000076293945
2026-06-01 13:46:00+00:00,15.960000038146973
2026-06-01 13:47:00+00:00,15.970000267028809
2026-06-01 13:48:00+00:00,15.975000381469727
2026-06-01 13:49:00+00:00,15.970000267028809
2026-06-01 13:50:00+00:00,15.96500015258789
2026-06-01 13:51:00+00:00,15.960000038146973
2026-06-01 13:52:00+00:00,15.970000267028809
2026-06-01 13:53:00+00:00,15.954999923706055
2026-06-01 13:54:00+00:00,15.970000267028809
2026-06-01 13:55:00+00:00,15.970000267028809
2026-06-01 13:56:00+00:00,16.0
2026-06-01 13:57:00+00:00,16.06999969482422
2026-06-01 13:58:00+00:00,16.060100555419922
2026-06-01 13:59:00+00:00,16.065000534057617
2026-06-01 14:00:00+00:00,16.059999465942383
2026-06-01 14:01:00+00:00,16.06999969482422
2026-06-01 14:02:00+00:00,16.079999923706055
2026-06-01 14:03:00+00:00,16.110000610351562
2026-06-01 14:04:00+00:00,16.114999771118164
2026-06-01 14:05:00+00:00,16.094999313354492
2026-06-01 14:06:00+00:00,16.084999084472656
2026-06-01 14:07:00+00:00,16.09000015258789
2026-06-01 14:08:00+00:00,16.104999542236328
2026-06-01 14:09:00+00:00,16.104999542236328
2026-06-01 14:10:00+00:00,16.104999542236328
2026-06-01 14:11:00+00:00,16.09000015258789
2026-06-01 14:12:00+00:00,16.094999313354492
2026-06-01 14:13:00+00:00,16.09000015258789
2026-06-01 14:14:00+00:00,16.079999923706055
2026-06-01 14:15:00+00:00,16.065000534057617
2026-06-01 14:16:00+00:00,16.065000534057617
2026-06-01 14:17:00+00:00,16.03499984741211
2026-06-01 14:18:00+00:00,16.030000686645508
2026-06-01 14:19:00+00:00,16.03499984741211
2026-06-01 14:20:00+00:00,16.05500030517578
2026-06-01 14:21:00+00:00,16.05500030517578
2026-06-01 14:22:00+00:00,16.059999465942383
2026-06-01 14:23:00+00:00,16.050100326538086
2026-06-01 14:24:00+00:00,16.049999237060547
2026-06-01 14:25:00+00:00,16.045000076293945
2026-06-01 14:26:00+00:00,16.03499984741211
2026-06-01 14:27:00+00:00,16.024999618530273
2026-06-01 14:28:00+00:00,16.024999618530273
2026-06-01 14:29:00+00:00,16.03499984741211
2026-06-01 14:30:00+00:00,16.049999237060547
2026-06-01 14:31:00+00:00,16.03499984741211
2026-06-01 14:32:00+00:00,16.045000076293945
2026-06-01 14:33:00+00:00,16.045000076293945
2026-06-01 14:34:00+00:00,16.03499984741211
2026-06-01 14:35:00+00:00,16.024999618530273
2026-06-01 14:36:00+00:00,16.024999618530273
2026-06-01 14:37:00+00:00,16.024999618530273
2026-06-01 14:38:00+00:00,16.024999618530273
2026-06-01 14:39:00+00:00,16.020000457763672
2026-06-01 14:40:00+00:00,16.030000686645508
2026-06-01 14:41:00+00:00,16.024999618530273
2026-06-01 14:42:00+00:00,16.02910041809082
2026-06-01 14:43:00+00:00,16.014999389648438
2026-06-01 14:44:00+00:00,16.014999389648438
2026-06-01 14:45:00+00:00,16.014999389648438
2026-06-01 14:46:00+00:00,15.984999656677246
2026-06-01 14:47:00+00:00,15.96500015258789
2026-06-01 14:48:00+00:00,15.967900276184082
2026-06-01 14:49:00+00:00,15.925000190734863
2026-06-01 14:50:00+00:00,15.9350004196167
2026-06-01 14:51:00+00:00,15.890000343322754
2026-06-01 14:52:00+00:00,15.869999885559082
2026-06-01 14:53:00+00:00,15.899299621582031
2026-06-01 14:54:00+00:00,15.904999732971191
2026-06-01 14:55:00+00:00,15.904999732971191
2026-06-01 14:56:00+00:00,15.914999961853027
2026-06-01 14:57:00+00:00,15.925000190734863
2026-06-01 14:58:00+00:00,15.925000190734863
2026-06-01 14:59:00+00:00,15.925000190734863
2026-06-01 15:00:00+00:00,15.949999809265137
2026-06-01 15:01:00+00:00,15.96500015258789
2026-06-01 15:02:00+00:00,15.96500015258789
2026-06-01 15:03:00+00:00,15.970000267028809
2026-06-01 15:04:00+00:00,15.975000381469727
2026-06-01 15:05:00+00:00,15.96500015258789
2026-06-01 15:06:00+00:00,15.979999542236328
2026-06-01 15:07:00+00:00,15.984999656677246
2026-06-01 15:08:00+00:00,15.975000381469727
2026-06-01 15:09:00+00:00,15.970000267028809
2026-06-01 15:10:00+00:00,15.975000381469727
2026-06-01 15:11:00+00:00,15.975000381469727
2026-06-01 15:12:00+00:00,15.975000381469727
2026-06-01 15:13:00+00:00,15.979999542236328
2026-06-01 15:14:00+00:00,15.960000038146973
2026-06-01 15:15:00+00:00,15.954999923706055
2026-06-01 15:16:00+00:00,15.949999809265137
2026-06-01 15:17:00+00:00,15.954999923706055
2026-06-01 15:18:00+00:00,15.954999923706055
2026-06-01 15:19:00+00:00,15.955100059509277
2026-06-01 15:20:00+00:00,15.949999809265137
2026-06-01 15:21:00+00:00,15.960000038146973
2026-06-01 15:22:00+00:00,15.954999923706055
2026-06-01 15:23:00+00:00,15.954999923706055
2026-06-01 15:24:00+00:00,15.954999923706055
2026-06-01 15:25:00+00:00,15.96500015258789
2026-06-01 15:26:00+00:00,15.949999809265137
2026-06-01 15:27:00+00:00,15.9350004196167
2026-06-01 15:28:00+00:00,15.944999694824219
2026-06-01 15:29:00+00:00,15.954999923706055
2026-06-01 15:30:00+00:00,15.960000038146973
2026-06-01 15:31:00+00:00,15.944999694824219
2026-06-01 15:32:00+00:00,15.914999961853027
2026-06-01 15:33:00+00:00,15.914999961853027
2026-06-01 15:34:00+00:00,15.910400390625
2026-06-01 15:35:00+00:00,15.864999771118164
2026-06-01 15:36:00+00:00,15.859999656677246
2026-06-01 15:37:00+00:00,15.864999771118164
2026-06-01 15:38:00+00:00,15.869999885559082
2026-06-01 15:39:00+00:00,15.875
2026-06-01 15:40:00+00:00,15.880000114440918
2026-06-01 15:41:00+00:00,15.890000343322754
2026-06-01 15:42:00+00:00,15.895000457763672
2026-06-01 15:43:00+00:00,15.895000457763672
2026-06-01 15:44:00+00:00,15.895000457763672
2026-06-01 15:45:00+00:00,15.899999618530273
2026-06-01 15:46:00+00:00,15.885000228881836
2026-06-01 15:47:00+00:00,15.875
2026-06-01 15:48:00+00:00,15.869999885559082
2026-06-01 15:49:00+00:00,15.869999885559082
2026-06-01 15:50:00+00:00,15.882399559020996
2026-06-01 15:51:00+00:00,15.885000228881836
2026-06-01 15:52:00+00:00,15.885000228881836
2026-06-01 15:53:00+00:00,15.885000228881836
2026-06-01 15:54:00+00:00,15.885000228881836
2026-06-01 15:55:00+00:00,15.864999771118164
2026-06-01 15:56:00+00:00,15.864999771118164
2026-06-01 15:57:00+00:00,15.864999771118164
2026-06-01 15:58:00+00:00,15.864999771118164
2026-06-01 15:59:00+00:00,15.859999656677246
2026-06-01 16:00:00+00:00,15.842399597167969
2026-06-01 16:01:00+00:00,15.845000267028809
2026-06-01 16:02:00+00:00,15.854999542236328
2026-06-01 16:03:00+00:00,15.835000038146973
2026-06-01 16:04:00+00:00,15.835000038146973
2026-06-01 16:05:00+00:00,15.824999809265137
2026-06-01 16:06:00+00:00,15.819999694824219
2026-06-01 16:07:00+00:00,15.845000267028809
2026-06-01 16:08:00+00:00,15.845000267028809
2026-06-01 16:09:00+00:00,15.835000038146973
2026-06-01 16:10:00+00:00,15.835000038146973
2026-06-01 16:11:00+00:00,15.824999809265137
2026-06-01 16:12:00+00:00,15.824999809265137
2026-06-01 16:13:00+00:00,15.824999809265137
2026-06-01 16:14:00+00:00,15.824999809265137
2026-06-01 16:15:00+00:00,15.835000038146973
2026-06-01 16:16:00+00:00,15.835000038146973
2026-06-01 16:17:00+00:00,15.824999809265137
2026-06-01 16:18:00+00:00,15.8149995803833
2026-06-01 16:19:00+00:00,15.835000038146973
2026-06-01 16:20:00+00:00,15.8149995803833
2026-06-01 16:21:00+00:00,15.8149995803833
2026-06-01 16:22:00+00:00,15.8149995803833
2026-06-01 16:23:00+00:00,15.795000076293945
2026-06-01 16:24:00+00:00,15.78499984741211
2026-06-01 16:25:00+00:00,15.770099639892578
2026-06-01 16:26:00+00:00,15.755000114440918
2026-06-01 16:27:00+00:00,15.760000228881836
2026-06-01 16:28:00+00:00,15.765000343322754
2026-06-01 16:29:00+00:00,15.755000114440918
2026-06-01 16:30:00+00:00,15.755000114440918
2026-06-01 16:31:00+00:00,15.78499984741211
2026-06-01 16:32:00+00:00,15.774999618530273
2026-06-01 16:33:00+00:00,15.760000228881836
2026-06-01 16:34:00+00:00,15.734999656677246
2026-06-01 16:35:00+00:00,15.729999542236328
2026-06-01 16:36:00+00:00,15.731399536132812
2026-06-01 16:37:00+00:00,15.741000175476074
2026-06-01 16:38:00+00:00,15.75
2026-06-01 16:39:00+00:00,15.744999885559082
2026-06-01 16:40:00+00:00,15.755000114440918
2026-06-01 16:41:00+00:00,15.765000343322754
2026-06-01 16:42:00+00:00,15.800000190734863
2026-06-01 16:43:00+00:00,15.800000190734863
2026-06-01 16:44:00+00:00,15.795000076293945
2026-06-01 16:45:00+00:00,15.8149995803833
2026-06-01 16:46:00+00:00,15.8100004196167
2026-06-01 16:47:00+00:00,15.8100004196167
2026-06-01 16:48:00+00:00,15.835000038146973
2026-06-01 16:49:00+00:00,15.833499908447266
2026-06-01 16:50:00+00:00,15.835000038146973
2026-06-01 16:51:00+00:00,15.829999923706055
2026-06-01 16:52:00+00:00,15.845000267028809
2026-06-01 16:53:00+00:00,15.835000038146973
2026-06-01 16:54:00+00:00,15.824999809265137
2026-06-01 16:55:00+00:00,15.835000038146973
2026-06-01 16:56:00+00:00,15.824999809265137
2026-06-01 16:57:00+00:00,15.824999809265137
2026-06-01 16:58:00+00:00,15.824999809265137
2026-06-01 16:59:00+00:00,15.8149995803833
2026-06-01 17:00:00+00:00,15.8149995803833
2026-06-01 17:01:00+00:00,15.829999923706055
2026-06-01 17:02:00+00:00,15.824999809265137
2026-06-01 17:03:00+00:00,15.8149995803833
2026-06-01 17:04:00+00:00,15.824999809265137
2026-06-01 17:05:00+00:00,15.859999656677246
2026-06-01 17:06:00+00:00,15.854999542236328
2026-06-01 17:07:00+00:00,15.854999542236328
2026-06-01 17:08:00+00:00,15.845000267028809
2026-06-01 17:09:00+00:00,15.835000038146973
2026-06-01 17:10:00+00:00,15.835000038146973
2026-06-01 17:11:00+00:00,15.835000038146973
2026-06-01 17:12:00+00:00,15.84000015258789
2026-06-01 17:13:00+00:00,15.835000038146973
2026-06-01 17:14:00+00:00,15.850000381469727
2026-06-01 17:15:00+00:00,15.854999542236328
2026-06-01 17:16:00+00:00,15.850000381469727
2026-06-01 17:17:00+00:00,15.854999542236328
2026-06-01 17:18:00+00:00,15.854999542236328
2026-06-01 17:19:00+00:00,15.859999656677246
2026-06-01 17:20:00+00:00,15.869999885559082
2026-06-01 17:21:00+00:00,15.864999771118164
2026-06-01 17:22:00+00:00,15.864999771118164
2026-06-01 17:23:00+00:00,15.864999771118164
2026-06-01 17:24:00+00:00,15.864999771118164
2026-06-01 17:25:00+00:00,15.859999656677246
2026-06-01 17:26:00+00:00,15.864999771118164
2026-06-01 17:27:00+00:00,15.859999656677246
2026-06-01 17:28:00+00:00,15.850000381469727
2026-06-01 17:29:00+00:00,15.869999885559082
2026-06-01 17:30:00+00:00,15.864999771118164
2026-06-01 17:31:00+00:00,15.850000381469727
2026-06-01 17:32:00+00:00,15.845000267028809
2026-06-01 17:33:00+00:00,15.84000015258789
2026-06-01 17:34:00+00:00,15.835000038146973
2026-06-01 17:35:00+00:00,15.824999809265137
2026-06-01 17:36:00+00:00,15.835000038146973
2026-06-01 17:37:00+00:00,15.835000038146973
2026-06-01 17:38:00+00:00,15.829999923706055
2026-06-01 17:39:00+00:00,15.854999542236328
2026-06-01 17:40:00+00:00,15.864999771118164
2026-06-01 17:41:00+00:00,15.859999656677246
2026-06-01 17:42:00+00:00,15.864999771118164
2026-06-01 17:43:00+00:00,15.883500099182129
2026-06-01 17:44:00+00:00,15.869999885559082
2026-06-01 17:45:00+00:00,15.895000457763672
2026-06-01 17:46:00+00:00,15.864999771118164
2026-06-01 17:47:00+00:00,15.864999771118164
2026-06-01 17:48:00+00:00,15.869999885559082
2026-06-01 17:49:00+00:00,15.875
2026-06-01 17:50:00+00:00,15.875
2026-06-01 17:51:00+00:00,15.875
2026-06-01 17:52:00+00:00,15.875
2026-06-01 17:53:00+00:00,15.869999885559082
2026-06-01 17:54:00+00:00,15.875
2026-06-01 17:55:00+00:00,15.864999771118164
2026-06-01 17:56:00+00:00,15.864999771118164
2026-06-01 17:57:00+00:00,15.864999771118164
2026-06-01 17:58:00+00:00,15.854999542236328
2026-06-01 17:59:00+00:00,15.854999542236328
2026-06-01 18:00:00+00:00,15.854999542236328
2026-06-01 18:01:00+00:00,15.854999542236328
2026-06-01 18:02:00+00:00,15.859999656677246
2026-06-01 18:03:00+00:00,15.864999771118164
2026-06-01 18:04:00+00:00,15.854999542236328
2026-06-01 18:05:00+00:00,15.864999771118164
2026-06-01 18:06:00+00:00,15.864999771118164
2026-06-01 18:07:00+00:00,15.859999656677246
2026-06-01 18:08:00+00:00,15.864999771118164
2026-06-01 18:09:00+00:00,15.864100456237793
2026-06-01 18:10:00+00:00,15.864999771118164
2026-06-01 18:11:00+00:00,15.885100364685059
2026-06-01 18:12:00+00:00,15.885000228881836
2026-06-01 18:13:00+00:00,15.895000457763672
2026-06-01 18:14:00+00:00,15.904999732971191
2026-06-01 18:15:00+00:00,15.904999732971191
2026-06-01 18:16:00+00:00,15.904999732971191
2026-06-01 18:17:00+00:00,15.904999732971191
2026-06-01 18:18:00+00:00,15.920000076293945
2026-06-01 18:19:00+00:00,15.904999732971191
2026-06-01 18:20:00+00:00,15.914999961853027
2026-06-01 18:21:00+00:00,15.925000190734863
2026-06-01 18:22:00+00:00,15.904999732971191
2026-06-01 18:23:00+00:00,15.904999732971191
2026-06-01 18:24:00+00:00,15.904999732971191
2026-06-01 18:25:00+00:00,15.895000457763672
2026-06-01 18:26:00+00:00,15.895000457763672
2026-06-01 18:27:00+00:00,15.890000343322754
2026-06-01 18:28:00+00:00,15.890000343322754
2026-06-01 18:29:00+00:00,15.895000457763672
2026-06-01 18:30:00+00:00,15.904999732971191
2026-06-01 18:31:00+00:00,15.899999618530273
2026-06-01 18:32:00+00:00,15.890000343322754
2026-06-01 18:33:00+00:00,15.895000457763672
2026-06-01 18:34:00+00:00,15.914999961853027
2026-06-01 18:35:00+00:00,15.910099983215332
2026-06-01 18:36:00+00:00,15.912500381469727
2026-06-01 18:37:00+00:00,15.90999984741211
2026-06-01 18:38:00+00:00,15.904999732971191
2026-06-01 18:39:00+00:00,15.885100364685059
2026-06-01 18:40:00+00:00,15.875
2026-06-01 18:41:00+00:00,15.875
2026-06-01 18:42:00+00:00,15.869999885559082
2026-06-01 18:43:00+00:00,15.875
2026-06-01 18:44:00+00:00,15.869999885559082
2026-06-01 18:45:00+00:00,15.895000457763672
2026-06-01 18:46:00+00:00,15.895500183105469
2026-06-01 18:47:00+00:00,15.895000457763672
2026-06-01 18:48:00+00:00,15.890000343322754
2026-06-01 18:49:00+00:00,15.885000228881836
2026-06-01 18:50:00+00:00,15.880000114440918
2026-06-01 18:51:00+00:00,15.875
2026-06-01 18:52:00+00:00,15.875
2026-06-01 18:53:00+00:00,15.875
2026-06-01 18:54:00+00:00,15.875
2026-06-01 18:55:00+00:00,15.875
2026-06-01 18:56:00+00:00,15.885000228881836
2026-06-01 18:57:00+00:00,15.875
2026-06-01 18:58:00+00:00,15.875
2026-06-01 18:59:00+00:00,15.875
2026-06-01 19:00:00+00:00,15.864999771118164
2026-06-01 19:01:00+00:00,15.869999885559082
2026-06-01 19:02:00+00:00,15.864999771118164
2026-06-01 19:03:00+00:00,15.859999656677246
2026-06-01 19:04:00+00:00,15.854999542236328
2026-06-01 19:05:00+00:00,15.845000267028809
2026-06-01 19:06:00+00:00,15.84000015258789
2026-06-01 19:07:00+00:00,15.84000015258789
2026-06-01 19:08:00+00:00,15.845000267028809
2026-06-01 19:09:00+00:00,15.84000015258789
2026-06-01 19:10:00+00:00,15.829999923706055
2026-06-01 19:11:00+00:00,15.84000015258789
2026-06-01 19:12:00+00:00,15.845000267028809
2026-06-01 19:13:00+00:00,15.835000038146973
2026-06-01 19:14:00+00:00,15.8100004196167
2026-06-01 19:15:00+00:00,15.8149995803833
2026-06-01 19:16:00+00:00,15.869999885559082
2026-06-01 19:17:00+00:00,15.9350004196167
2026-06-01 19:18:00+00:00,15.914999961853027
2026-06-01 19:19:00+00:00,15.90999984741211
2026-06-01 19:20:00+00:00,15.90999984741211
2026-06-01 19:21:00+00:00,15.904999732971191
2026-06-01 19:22:00+00:00,15.904999732971191
2026-06-01 19:23:00+00:00,15.909000396728516
2026-06-01 19:24:00+00:00,15.904999732971191
2026-06-01 19:25:00+00:00,15.871800422668457
2026-06-01 19:26:00+00:00,15.864999771118164
2026-06-01 19:27:00+00:00,15.864999771118164
2026-06-01 19:28:00+00:00,15.875
2026-06-01 19:29:00+00:00,15.880000114440918
2026-06-01 19:30:00+00:00,15.875
2026-06-01 19:31:00+00:00,15.875
2026-06-01 19:32:00+00:00,15.854999542236328
2026-06-01 19:33:00+00:00,15.845000267028809
2026-06-01 19:34:00+00:00,15.845000267028809
2026-06-01 19:35:00+00:00,15.845000267028809
2026-06-01 19:36:00+00:00,15.845000267028809
2026-06-01 19:37:00+00:00,15.850000381469727
2026-06-01 19:38:00+00:00,15.854999542236328
2026-06-01 19:39:00+00:00,15.831000328063965
2026-06-01 19:40:00+00:00,15.8149995803833
2026-06-01 19:41:00+00:00,15.8149995803833
2026-06-01 19:42:00+00:00,15.8149995803833
2026-06-01 19:43:00+00:00,15.8149995803833
2026-06-01 19:44:00+00:00,15.8149995803833
2026-06-01 19:45:00+00:00,15.824999809265137
2026-06-01 19:46:00+00:00,15.829999923706055
2026-06-01 19:47:00+00:00,15.824999809265137
2026-06-01 19:48:00+00:00,15.8149995803833
2026-06-01 19:49:00+00:00,15.8149995803833
2026-06-01 19:50:00+00:00,15.779999732971191
2026-06-01 19:51:00+00:00,15.779999732971191
2026-06-01 19:52:00+00:00,15.795000076293945
2026-06-01 19:53:00+00:00,15.78499984741211
2026-06-01 19:54:00+00:00,15.800000190734863
2026-06-01 19:55:00+00:00,15.805000305175781
2026-06-01 19:56:00+00:00,15.8149995803833
2026-06-01 19:57:00+00:00,15.8149995803833
2026-06-01 19:58:00+00:00,15.8100004196167
2026-06-01 19:59:00+00:00,15.8149995803833
2026-06-02 13:30:00+00:00,15.845000267028809
2026-06-02 13:31:00+00:00,15.859999656677246
2026-06-02 13:32:00+00:00,15.720000267028809
2026-06-02 13:33:00+00:00,15.720000267028809
2026-06-02 13:34:00+00:00,15.8100004196167
2026-06-02 13:35:00+00:00,15.8100004196167
2026-06-02 13:36:00+00:00,15.770000457763672
2026-06-02 13:37:00+00:00,15.760000228881836
2026-06-02 13:38:00+00:00,15.779999732971191
2026-06-02 13:39:00+00:00,15.8100004196167
2026-06-02 13:40:00+00:00,15.800000190734863
2026-06-02 13:41:00+00:00,15.795000076293945
2026-06-02 13:42:00+00:00,15.770000457763672
2026-06-02 13:43:00+00:00,15.744999885559082
2026-06-02 13:44:00+00:00,15.739999771118164
2026-06-02 13:45:00+00:00,15.71500015258789
2026-06-02 13:46:00+00:00,15.6899995803833
2026-06-02 13:47:00+00:00,15.720000267028809
2026-06-02 13:48:00+00:00,15.675000190734863
2026-06-02 13:49:00+00:00,15.675000190734863
2026-06-02 13:50:00+00:00,15.65999984741211
2026-06-02 13:51:00+00:00,15.619999885559082
2026-06-02 13:52:00+00:00,15.630000114440918
2026-06-02 13:53:00+00:00,15.635000228881836
2026-06-02 13:54:00+00:00,15.649999618530273
2026-06-02 13:55:00+00:00,15.645000457763672
2026-06-02 13:56:00+00:00,15.630000114440918
2026-06-02 13:57:00+00:00,15.625
2026-06-02 13:58:00+00:00,15.645000457763672
2026-06-02 13:59:00+00:00,15.640000343322754
2026-06-02 14:00:00+00:00,15.670000076293945
2026-06-02 14:01:00+00:00,15.670000076293945
2026-06-02 14:02:00+00:00,15.680000305175781
2026-06-02 14:03:00+00:00,15.729999542236328
2026-06-02 14:04:00+00:00,15.734999656677246
2026-06-02 14:05:00+00:00,15.744999885559082
2026-06-02 14:06:00+00:00,15.725000381469727
2026-06-02 14:07:00+00:00,15.725000381469727
2026-06-02 14:08:00+00:00,15.704999923706055
2026-06-02 14:09:00+00:00,15.704999923706055
2026-06-02 14:10:00+00:00,15.694999694824219
2026-06-02 14:11:00+00:00,15.6850004196167
2026-06-02 14:12:00+00:00,15.6850004196167
2026-06-02 14:13:00+00:00,15.704999923706055
2026-06-02 14:14:00+00:00,15.704999923706055
2026-06-02 14:15:00+00:00,15.720000267028809
2026-06-02 14:16:00+00:00,15.720000267028809
2026-06-02 14:17:00+00:00,15.725000381469727
2026-06-02 14:18:00+00:00,15.71500015258789
2026-06-02 14:19:00+00:00,15.6850004196167
2026-06-02 14:20:00+00:00,15.671899795532227
2026-06-02 14:21:00+00:00,15.664999961853027
2026-06-02 14:22:00+00:00,15.670000076293945
2026-06-02 14:23:00+00:00,15.680000305175781
2026-06-02 14:24:00+00:00,15.680000305175781
2026-06-02 14:25:00+00:00,15.683799743652344
2026-06-02 14:26:00+00:00,15.6850004196167
2026-06-02 14:27:00+00:00,15.6850004196167
2026-06-02 14:28:00+00:00,15.6850004196167
2026-06-02 14:29:00+00:00,15.694999694824219
2026-06-02 14:30:00+00:00,15.704999923706055
2026-06-02 14:31:00+00:00,15.699999809265137
2026-06-02 14:32:00+00:00,15.70740032196045
2026-06-02 14:33:00+00:00,15.694999694824219
2026-06-02 14:34:00+00:00,15.694999694824219
2026-06-02 14:35:00+00:00,15.694999694824219
2026-06-02 14:36:00+00:00,15.694999694824219
2026-06-02 14:37:00+00:00,15.6850004196167
2026-06-02 14:38:00+00:00,15.6850004196167
2026-06-02 14:39:00+00:00,15.6850004196167
2026-06-02 14:40:00+00:00,15.704999923706055
2026-06-02 14:41:00+00:00,15.720000267028809
2026-06-02 14:42:00+00:00,15.711400032043457
2026-06-02 14:43:00+00:00,15.720000267028809
2026-06-02 14:44:00+00:00,15.716699600219727
2026-06-02 14:45:00+00:00,15.71500015258789
2026-06-02 14:46:00+00:00,15.720000267028809
2026-06-02 14:47:00+00:00,15.725000381469727
2026-06-02 14:48:00+00:00,15.71500015258789
2026-06-02 14:49:00+00:00,15.725000381469727
2026-06-02 14:50:00+00:00,15.720000267028809
2026-06-02 14:51:00+00:00,15.734999656677246
2026-06-02 14:52:00+00:00,15.744999885559082
2026-06-02 14:53:00+00:00,15.744999885559082
2026-06-02 14:54:00+00:00,15.75
2026-06-02 14:55:00+00:00,15.744999885559082
2026-06-02 14:56:00+00:00,15.744999885559082
2026-06-02 14:57:00+00:00,15.744999885559082
2026-06-02 14:58:00+00:00,15.744999885559082
2026-06-02 14:59:00+00:00,15.744999885559082
2026-06-02 15:00:00+00:00,15.731200218200684
2026-06-02 15:01:00+00:00,15.734999656677246
2026-06-02 15:02:00+00:00,15.725000381469727
2026-06-02 15:03:00+00:00,15.71500015258789
2026-06-02 15:04:00+00:00,15.694999694824219
2026-06-02 15:05:00+00:00,15.729999542236328
2026-06-02 15:06:00+00:00,15.755000114440918
2026-06-02 15:07:00+00:00,15.765000343322754
2026-06-02 15:08:00+00:00,15.765000343322754
2026-06-02 15:09:00+00:00,15.760000228881836
2026-06-02 15:10:00+00:00,15.744999885559082
2026-06-02 15:11:00+00:00,15.744999885559082
2026-06-02 15:12:00+00:00,15.739999771118164
2026-06-02 15:13:00+00:00,15.739999771118164
2026-06-02 15:14:00+00:00,15.720000267028809
2026-06-02 15:15:00+00:00,15.725000381469727
2026-06-02 15:16:00+00:00,15.734999656677246
2026-06-02 15:17:00+00:00,15.744999885559082
2026-06-02 15:19:00+00:00,15.744999885559082
2026-06-02 15:20:00+00:00,15.75
2026-06-02 15:21:00+00:00,15.759900093078613
2026-06-02 15:22:00+00:00,15.734999656677246
2026-06-02 15:23:00+00:00,15.75
2026-06-02 15:24:00+00:00,15.749899864196777
2026-06-02 15:25:00+00:00,15.744999885559082
2026-06-02 15:26:00+00:00,15.744999885559082
2026-06-02 15:27:00+00:00,15.744999885559082
2026-06-02 15:28:00+00:00,15.734999656677246
2026-06-02 15:29:00+00:00,15.734999656677246
2026-06-02 15:30:00+00:00,15.720000267028809
2026-06-02 15:31:00+00:00,15.71500015258789
2026-06-02 15:32:00+00:00,15.710000038146973
2026-06-02 15:33:00+00:00,15.71500015258789
2026-06-02 15:34:00+00:00,15.704999923706055
2026-06-02 15:35:00+00:00,15.694999694824219
2026-06-02 15:36:00+00:00,15.694999694824219
2026-06-02 15:37:00+00:00,15.694999694824219
2026-06-02 15:38:00+00:00,15.6850004196167
2026-06-02 15:39:00+00:00,15.694999694824219
2026-06-02 15:40:00+00:00,15.6850004196167
2026-06-02 15:41:00+00:00,15.6850004196167
2026-06-02 15:42:00+00:00,15.6899995803833
2026-06-02 15:43:00+00:00,15.694999694824219
2026-06-02 15:44:00+00:00,15.6850004196167
2026-06-02 15:45:00+00:00,15.6850004196167
2026-06-02 15:46:00+00:00,15.6850004196167
2026-06-02 15:47:00+00:00,15.699999809265137
2026-06-02 15:48:00+00:00,15.694999694824219
2026-06-02 15:49:00+00:00,15.704999923706055
2026-06-02 15:50:00+00:00,15.710000038146973
2026-06-02 15:51:00+00:00,15.699999809265137
2026-06-02 15:52:00+00:00,15.691200256347656
2026-06-02 15:53:00+00:00,15.694999694824219
2026-06-02 15:54:00+00:00,15.699999809265137
2026-06-02 15:55:00+00:00,15.694999694824219
2026-06-02 15:56:00+00:00,15.694999694824219
2026-06-02 15:57:00+00:00,15.694999694824219
2026-06-02 15:58:00+00:00,15.694999694824219
2026-06-02 15:59:00+00:00,15.6899995803833
2026-06-02 16:00:00+00:00,15.680000305175781
2026-06-02 16:01:00+00:00,15.6850004196167
2026-06-02 16:02:00+00:00,15.670000076293945
2026-06-02 16:03:00+00:00,15.675000190734863
2026-06-02 16:04:00+00:00,15.6850004196167
2026-06-02 16:05:00+00:00,15.675000190734863
2026-06-02 16:07:00+00:00,15.675000190734863
2026-06-02 16:08:00+00:00,15.670100212097168
2026-06-02 16:09:00+00:00,15.680000305175781
2026-06-02 16:10:00+00:00,15.675000190734863
2026-06-02 16:11:00+00:00,15.704999923706055
2026-06-02 16:12:00+00:00,15.699999809265137
2026-06-02 16:13:00+00:00,15.694999694824219
2026-06-02 16:14:00+00:00,15.694999694824219
2026-06-02 16:15:00+00:00,15.710000038146973
2026-06-02 16:16:00+00:00,15.704999923706055
2026-06-02 16:17:00+00:00,15.710000038146973
2026-06-02 16:18:00+00:00,15.675000190734863
2026-06-02 16:20:00+00:00,15.675000190734863
2026-06-02 16:21:00+00:00,15.675000190734863
2026-06-02 16:22:00+00:00,15.670000076293945
2026-06-02 16:23:00+00:00,15.65999984741211
2026-06-02 16:24:00+00:00,15.664999961853027
2026-06-02 16:25:00+00:00,15.664999961853027
2026-06-02 16:26:00+00:00,15.645000457763672
2026-06-02 16:27:00+00:00,15.635000228881836
2026-06-02 16:28:00+00:00,15.630000114440918
2026-06-02 16:29:00+00:00,15.635000228881836
2026-06-02 16:30:00+00:00,15.635000228881836
2026-06-02 16:31:00+00:00,15.635000228881836
2026-06-02 16:32:00+00:00,15.630000114440918
2026-06-02 16:33:00+00:00,15.635000228881836
2026-06-02 16:34:00+00:00,15.635000228881836
2026-06-02 16:35:00+00:00,15.635000228881836
2026-06-02 16:36:00+00:00,15.622599601745605
2026-06-02 16:37:00+00:00,15.625
2026-06-02 16:38:00+00:00,15.630000114440918
2026-06-02 16:39:00+00:00,15.619999885559082
2026-06-02 16:40:00+00:00,15.630000114440918
2026-06-02 16:41:00+00:00,15.645000457763672
2026-06-02 16:42:00+00:00,15.649999618530273
2026-06-02 16:43:00+00:00,15.65999984741211
2026-06-02 16:44:00+00:00,15.680000305175781
2026-06-02 16:45:00+00:00,15.680000305175781
2026-06-02 16:46:00+00:00,15.680000305175781
2026-06-02 16:47:00+00:00,15.6850004196167
2026-06-02 16:48:00+00:00,15.6850004196167
2026-06-02 16:49:00+00:00,15.6850004196167
2026-06-02 16:50:00+00:00,15.710000038146973
2026-06-02 16:51:00+00:00,15.704999923706055
2026-06-02 16:52:00+00:00,15.710000038146973
2026-06-02 16:53:00+00:00,15.710000038146973
2026-06-02 16:54:00+00:00,15.699999809265137
2026-06-02 16:55:00+00:00,15.699999809265137
2026-06-02 16:56:00+00:00,15.710000038146973
2026-06-02 16:57:00+00:00,15.699999809265137
2026-06-02 16:58:00+00:00,15.710000038146973
2026-06-02 16:59:00+00:00,15.710000038146973
2026-06-02 17:00:00+00:00,15.699999809265137
2026-06-02 17:01:00+00:00,15.729999542236328
2026-06-02 17:02:00+00:00,15.725000381469727
2026-06-02 17:03:00+00:00,15.725000381469727
2026-06-02 17:04:00+00:00,15.720000267028809
2026-06-02 17:05:00+00:00,15.694999694824219
2026-06-02 17:06:00+00:00,15.675000190734863
2026-06-02 17:07:00+00:00,15.670000076293945
2026-06-02 17:08:00+00:00,15.664999961853027
2026-06-02 17:09:00+00:00,15.651100158691406
2026-06-02 17:10:00+00:00,15.649999618530273
2026-06-02 17:11:00+00:00,15.65999984741211
2026-06-02 17:12:00+00:00,15.649999618530273
2026-06-02 17:13:00+00:00,15.654999732971191
2026-06-02 17:14:00+00:00,15.649999618530273
2026-06-02 17:15:00+00:00,15.675000190734863
2026-06-02 17:16:00+00:00,15.699999809265137
2026-06-02 17:17:00+00:00,15.71500015258789
2026-06-02 17:18:00+00:00,15.710000038146973
2026-06-02 17:19:00+00:00,15.71500015258789
2026-06-02 17:20:00+00:00,15.71500015258789
2026-06-02 17:21:00+00:00,15.710000038146973
2026-06-02 17:22:00+00:00,15.704999923706055
2026-06-02 17:23:00+00:00,15.699999809265137
2026-06-02 17:24:00+00:00,15.70009994506836
2026-06-02 17:25:00+00:00,15.704999923706055
2026-06-02 17:26:00+00:00,15.71500015258789
2026-06-02 17:27:00+00:00,15.734999656677246
2026-06-02 17:28:00+00:00,15.725000381469727
2026-06-02 17:29:00+00:00,15.725000381469727
2026-06-02 17:30:00+00:00,15.725000381469727
2026-06-02 17:31:00+00:00,15.725000381469727
2026-06-02 17:32:00+00:00,15.729999542236328
2026-06-02 17:33:00+00:00,15.744999885559082
2026-06-02 17:34:00+00:00,15.744999885559082
2026-06-02 17:35:00+00:00,15.734999656677246
2026-06-02 17:36:00+00:00,15.744999885559082
2026-06-02 17:37:00+00:00,15.749899864196777
2026-06-02 17:38:00+00:00,15.755000114440918
2026-06-02 17:39:00+00:00,15.75
2026-06-02 17:40:00+00:00,15.742300033569336
2026-06-02 17:41:00+00:00,15.744999885559082
2026-06-02 17:42:00+00:00,15.739999771118164
2026-06-02 17:43:00+00:00,15.744999885559082
2026-06-02 17:44:00+00:00,15.75
2026-06-02 17:45:00+00:00,15.744999885559082
2026-06-02 17:46:00+00:00,15.744999885559082
2026-06-02 17:47:00+00:00,15.739999771118164
2026-06-02 17:48:00+00:00,15.75
2026-06-02 17:49:00+00:00,15.744999885559082
2026-06-02 17:50:00+00:00,15.744999885559082
2026-06-02 17:51:00+00:00,15.75
2026-06-02 17:52:00+00:00,15.744999885559082
2026-06-02 17:53:00+00:00,15.739999771118164
2026-06-02 17:54:00+00:00,15.744999885559082
2026-06-02 17:55:00+00:00,15.729999542236328
2026-06-02 17:56:00+00:00,15.729999542236328
2026-06-02 17:57:00+00:00,15.734999656677246
2026-06-02 17:58:00+00:00,15.734999656677246
2026-06-02 17:59:00+00:00,15.734999656677246
2026-06-02 18:00:00+00:00,15.744999885559082
2026-06-02 18:01:00+00:00,15.729999542236328
2026-06-02 18:02:00+00:00,15.723600387573242
2026-06-02 18:03:00+00:00,15.720000267028809
2026-06-02 18:04:00+00:00,15.71500015258789
2026-06-02 18:05:00+00:00,15.71500015258789
2026-06-02 18:06:00+00:00,15.720000267028809
2026-06-02 18:07:00+00:00,15.720000267028809
2026-06-02 18:08:00+00:00,15.725000381469727
2026-06-02 18:09:00+00:00,15.725000381469727
2026-06-02 18:10:00+00:00,15.725000381469727
2026-06-02 18:11:00+00:00,15.725000381469727
2026-06-02 18:12:00+00:00,15.725000381469727
2026-06-02 18:13:00+00:00,15.725000381469727
2026-06-02 18:14:00+00:00,15.725000381469727
2026-06-02 18:15:00+00:00,15.725000381469727
2026-06-02 18:16:00+00:00,15.720000267028809
2026-06-02 18:17:00+00:00,15.710000038146973
2026-06-02 18:18:00+00:00,15.704999923706055
2026-06-02 18:19:00+00:00,15.710000038146973
2026-06-02 18:20:00+00:00,15.704999923706055
2026-06-02 18:21:00+00:00,15.699999809265137
2026-06-02 18:22:00+00:00,15.704999923706055
2026-06-02 18:23:00+00:00,15.704999923706055
2026-06-02 18:24:00+00:00,15.704999923706055
2026-06-02 18:25:00+00:00,15.704999923706055
2026-06-02 18:26:00+00:00,15.704999923706055
2026-06-02 18:27:00+00:00,15.704999923706055
2026-06-02 18:28:00+00:00,15.704999923706055
2026-06-02 18:29:00+00:00,15.699999809265137
2026-06-02 18:30:00+00:00,15.704999923706055
2026-06-02 18:31:00+00:00,15.704999923706055
2026-06-02 18:32:00+00:00,15.71500015258789
2026-06-02 18:33:00+00:00,15.713600158691406
2026-06-02 18:34:00+00:00,15.755000114440918
2026-06-02 18:35:00+00:00,15.755000114440918
2026-06-02 18:36:00+00:00,15.78499984741211
2026-06-02 18:37:00+00:00,15.78499984741211
2026-06-02 18:38:00+00:00,15.765000343322754
2026-06-02 18:39:00+00:00,15.765000343322754
2026-06-02 18:40:00+00:00,15.765000343322754
2026-06-02 18:41:00+00:00,15.765000343322754
2026-06-02 18:42:00+00:00,15.765000343322754
2026-06-02 18:43:00+00:00,15.765000343322754
2026-06-02 18:44:00+00:00,15.765000343322754
2026-06-02 18:45:00+00:00,15.765000343322754
2026-06-02 18:46:00+00:00,15.765000343322754
2026-06-02 18:47:00+00:00,15.765000343322754
2026-06-02 18:48:00+00:00,15.765000343322754
2026-06-02 18:49:00+00:00,15.760000228881836
2026-06-02 18:50:00+00:00,15.800000190734863
2026-06-02 18:51:00+00:00,15.805000305175781
2026-06-02 18:52:00+00:00,15.795000076293945
2026-06-02 18:53:00+00:00,15.805000305175781
2026-06-02 18:54:00+00:00,15.8149995803833
2026-06-02 18:55:00+00:00,15.8149995803833
2026-06-02 18:56:00+00:00,15.8149995803833
2026-06-02 18:57:00+00:00,15.8149995803833
2026-06-02 18:58:00+00:00,15.8149995803833
2026-06-02 18:59:00+00:00,15.8100004196167
2026-06-02 19:00:00+00:00,15.789999961853027
2026-06-02 19:01:00+00:00,15.779999732971191
2026-06-02 19:02:00+00:00,15.770000457763672
2026-06-02 19:03:00+00:00,15.760199546813965
2026-06-02 19:04:00+00:00,15.78499984741211
2026-06-02 19:05:00+00:00,15.770000457763672
2026-06-02 19:06:00+00:00,15.765000343322754
2026-06-02 19:07:00+00:00,15.75
2026-06-02 19:08:00+00:00,15.779999732971191
2026-06-02 19:09:00+00:00,15.774999618530273
2026-06-02 19:10:00+00:00,15.76200008392334
2026-06-02 19:11:00+00:00,15.765000343322754
2026-06-02 19:12:00+00:00,15.76099967956543
2026-06-02 19:13:00+00:00,15.765000343322754
2026-06-02 19:14:00+00:00,15.755000114440918
2026-06-02 19:15:00+00:00,15.755000114440918
2026-06-02 19:16:00+00:00,15.755000114440918
2026-06-02 19:17:00+00:00,15.75
2026-06-02 19:18:00+00:00,15.75
2026-06-02 19:19:00+00:00,15.75
2026-06-02 19:20:00+00:00,15.755000114440918
2026-06-02 19:21:00+00:00,15.755000114440918
2026-06-02 19:22:00+00:00,15.75
2026-06-02 19:23:00+00:00,15.75
2026-06-02 19:24:00+00:00,15.755000114440918
2026-06-02 19:25:00+00:00,15.755000114440918
2026-06-02 19:26:00+00:00,15.755000114440918
2026-06-02 19:27:00+00:00,15.75
2026-06-02 19:28:00+00:00,15.75
2026-06-02 19:29:00+00:00,15.760000228881836
2026-06-02 19:30:00+00:00,15.755000114440918
2026-06-02 19:31:00+00:00,15.765000343322754
2026-06-02 19:32:00+00:00,15.765000343322754
2026-06-02 19:33:00+00:00,15.765000343322754
2026-06-02 19:34:00+00:00,15.755000114440918
2026-06-02 19:35:00+00:00,15.752900123596191
2026-06-02 19:36:00+00:00,15.755000114440918
2026-06-02 19:37:00+00:00,15.75
2026-06-02 19:38:00+00:00,15.744999885559082
2026-06-02 19:39:00+00:00,15.744999885559082
2026-06-02 19:40:00+00:00,15.774999618530273
2026-06-02 19:41:00+00:00,15.760000228881836
2026-06-02 19:42:00+00:00,15.755000114440918
2026-06-02 19:43:00+00:00,15.755000114440918
2026-06-02 19:44:00+00:00,15.755000114440918
2026-06-02 19:45:00+00:00,15.75
2026-06-02 19:46:00+00:00,15.755000114440918
2026-06-02 19:47:00+00:00,15.755000114440918
2026-06-02 19:48:00+00:00,15.755000114440918
2026-06-02 19:49:00+00:00,15.755000114440918
2026-06-02 19:50:00+00:00,15.729999542236328
2026-06-02 19:51:00+00:00,15.725000381469727
2026-06-02 19:52:00+00:00,15.71500015258789
2026-06-02 19:53:00+00:00,15.71500015258789
2026-06-02 19:54:00+00:00,15.6899995803833
2026-06-02 19:55:00+00:00,15.675000190734863
2026-06-02 19:56:00+00:00,15.664999961853027
2026-06-02 19:57:00+00:00,15.675000190734863
2026-06-02 19:58:00+00:00,15.6850004196167
2026-06-02 19:59:00+00:00,15.6899995803833
